,id,terrestrial_date,sol,ls,month,min_temp,pressure
0,2.0,2012-08-16,10.0,155,6,-75.0,739
1,13.0,2012-08-17,11.0,156,6,-76.0,740
2,24.0,2012-08-18,12.0,156,6,-76.0,741
3,35.0,2012-08-19,13.0,157,6,-74.0,732
4,46.0,2012-08-20,14.0,157,6,-74.0,740
5,57.0,2012-08-21,15.0,158,6,-78.0,740
6,68.0,2012-08-22,16.0,158,6,-77.0,740
7,79.0,2012-08-23,17.0,159,6,-76.0,742
8,112.0,2012-08-27,21.0,161,6,-74.0,741
9,114.0,2012-08-28,22.0,162,6,-74.0,742
10,123.0,2012-08-29,23.0,162,6,-75.0,741
11,134.0,2012-08-30,24.0,163,6,-75.0,742
12,145.0,2012-08-31,25.0,163,6,-75.0,743
13,156.0,2012-09-01,26.0,164,6,-76.0,745
14,163.0,2012-09-02,27.0,164,6,-75.0,743
15,170.0,2012-09-03,28.0,165,6,-75.0,745
16,171.0,2012-09-04,29.0,166,6,-75.0,747
17,172.0,2012-09-05,30.0,166,6,-74.0,747
18,173.0,2012-09-06,31.0,167,6,-74.0,745
19,175.0,2012-09-08,33.0,168,6,-73.0,748
20,176.0,2012-09-10,34.0,168,6,-73.0,748
21,177.0,2012-09-11,35.0,169,6,-73.0,749
22,178.0,2012-09-12,36.0,169,6,-73.0,750
23,179.0,2012-09-13,37.0,170,6,-73.0,750
24,180.0,2012-09-14,38.0,171,6,-73.0,750
25,181.0,2012-09-15,39.0,171,6,-75.0,751
26,182.0,2012-09-16,40.0,172,6,-75.0,753
27,183.0,2012-09-17,41.0,172,6,-75.0,753
28,184.0,2012-09-18,42.0,173,6,-75.0,754
29,185.0,2012-09-19,43.0,173,6,-74.0,756
30,186.0,2012-09-20,44.0,174,6,-75.0,757
31,187.0,2012-09-21,45.0,175,6,-74.0,758
32,188.0,2012-09-22,46.0,175,6,-74.0,758
33,189.0,2012-09-23,47.0,176,6,-75.0,758
34,190.0,2012-09-24,48.0,176,6,-75.0,759
35,191.0,2012-09-25,49.0,177,6,-74.0,761
36,192.0,2012-09-26,50.0,177,6,-72.0,761
37,193.0,2012-09-27,51.0,178,6,-76.0,762
38,194.0,2012-09-28,52.0,179,6,-74.0,762
39,195.0,2012-09-29,53.0,179,6,-71.0,764
40,196.0,2012-09-30,54.0,180,7,-72.0,766
41,197.0,2012-10-01,55.0,180,7,-74.0,766
42,198.0,2012-10-02,56.0,181,7,-73.0,768
43,199.0,2012-10-03,57.0,181,7,-73.0,769
44,200.0,2012-10-04,58.0,182,7,-74.0,769
45,201.0,2012-10-05,59.0,183,7,-76.0,771
46,202.0,2012-10-06,60.0,183,7,-75.0,772
47,203.0,2012-10-07,61.0,184,7,-72.0,772
48,204.0,2012-10-08,62.0,184,7,-72.0,774
49,205.0,2012-10-09,63.0,185,7,-73.0,775
50,206.0,2012-10-10,64.0,186,7,-74.0,776
51,207.0,2012-10-11,65.0,186,7,-72.0,777
52,208.0,2012-10-12,66.0,187,7,-73.0,778
53,209.0,2012-10-13,67.0,187,7,-73.0,780
54,210.0,2012-10-14,68.0,188,7,-71.0,781
55,211.0,2012-10-15,69.0,189,7,-73.0,778
56,212.0,2012-10-17,70.0,189,7,-72.0,783
57,213.0,2012-10-18,71.0,190,7,-71.0,784
58,214.0,2012-10-19,72.0,190,7,-73.0,785
59,215.0,2012-10-20,73.0,191,7,-70.0,788
60,216.0,2012-10-21,74.0,192,7,-72.0,790
61,217.0,2012-10-22,75.0,192,7,-73.0,791
62,218.0,2012-10-23,76.0,193,7,-73.0,792
63,219.0,2012-10-24,77.0,193,7,-71.0,792
64,220.0,2012-10-25,78.0,194,7,-71.0,793
65,221.0,2012-10-26,79.0,195,7,-73.0,795
66,222.0,2012-10-27,80.0,195,7,-70.0,796
67,223.0,2012-10-28,81.0,196,7,-72.0,798
68,224.0,2012-10-29,82.0,196,7,-72.0,799
69,225.0,2012-10-30,83.0,197,7,-72.0,801
70,226.0,2012-10-31,84.0,198,7,-70.0,801
71,227.0,2012-11-01,85.0,198,7,-71.0,805
72,228.0,2012-11-02,86.0,199,7,-71.0,808
73,229.0,2012-11-03,87.0,199,7,-70.0,808
74,230.0,2012-11-04,88.0,200,7,-70.0,811
75,231.0,2012-11-05,89.0,201,7,-73.0,813
76,233.0,2012-11-06,90.0,201,7,-71.0,813
77,234.0,2012-11-07,91.0,202,7,-74.0,817
78,235.0,2012-11-08,92.0,202,7,-74.0,820
79,236.0,2012-11-09,93.0,203,7,-72.0,819
80,237.0,2012-11-10,94.0,204,7,-70.0,822
81,238.0,2012-11-11,95.0,204,7,-68.0,822
82,239.0,2012-11-12,96.0,205,7,-71.0,826
83,240.0,2012-11-13,97.0,206,7,-68.0,828
84,241.0,2012-11-14,98.0,206,7,-68.0,828
85,242.0,2012-11-15,99.0,207,7,-68.0,829
86,3.0,2012-11-16,100.0,207,7,-66.0,829
87,4.0,2012-11-17,101.0,208,7,-65.0,830
88,5.0,2012-11-18,102.0,209,7,-67.0,833
89,6.0,2012-11-19,103.0,209,7,-66.0,836
90,7.0,2012-11-20,104.0,210,8,-67.0,838
91,8.0,2012-11-21,105.0,211,8,-66.0,839
92,9.0,2012-11-23,106.0,211,8,-66.0,841
93,10.0,2012-11-24,107.0,212,8,-66.0,844
94,11.0,2012-11-25,108.0,212,8,-65.0,845
95,12.0,2012-11-26,109.0,213,8,-64.0,844
96,14.0,2012-11-27,110.0,214,8,-65.0,848
97,15.0,2012-11-28,111.0,214,8,-66.0,849
98,16.0,2012-11-29,112.0,215,8,-65.0,852
99,17.0,2012-11-30,113.0,216,8,-66.0,857
100,18.0,2012-12-01,114.0,216,8,-69.0,857
101,19.0,2012-12-02,115.0,217,8,-66.0,857
102,20.0,2012-12-03,116.0,217,8,-67.0,859
103,21.0,2012-12-04,117.0,218,8,-66.0,861
104,22.0,2012-12-05,118.0,219,8,-65.0,864
105,23.0,2012-12-06,119.0,219,8,-66.0,866
106,25.0,2012-12-07,120.0,220,8,-67.0,867
107,26.0,2012-12-08,121.0,221,8,-66.0,869
108,27.0,2012-12-09,122.0,221,8,-65.0,869
109,28.0,2012-12-10,123.0,222,8,-66.0,875
110,29.0,2012-12-11,124.0,223,8,-66.0,876
111,30.0,2012-12-12,125.0,223,8,-68.0,880
112,31.0,2012-12-13,126.0,224,8,-66.0,880
113,32.0,2012-12-14,127.0,224,8,-67.0,884
114,33.0,2012-12-15,128.0,225,8,-67.0,883
115,34.0,2012-12-16,129.0,226,8,-65.0,886
116,36.0,2012-12-17,130.0,226,8,-65.0,888
117,37.0,2012-12-18,131.0,227,8,-65.0,889
118,38.0,2012-12-19,132.0,228,8,-65.0,890
119,39.0,2012-12-20,133.0,228,8,-65.0,891
120,40.0,2012-12-21,134.0,229,8,-67.0,893
121,41.0,2012-12-22,135.0,230,8,-65.0,894
122,42.0,2012-12-23,136.0,230,8,-65.0,897
123,43.0,2012-12-24,137.0,231,8,-64.0,896
124,44.0,2012-12-25,138.0,232,8,-65.0,899
125,45.0,2012-12-26,139.0,232,8,-66.0,899
126,47.0,2012-12-27,140.0,233,8,-66.0,903
127,48.0,2012-12-28,141.0,233,8,-64.0,904
128,49.0,2012-12-29,142.0,234,8,-65.0,906
129,50.0,2012-12-31,143.0,235,8,-63.0,908
130,51.0,2013-01-01,144.0,235,8,-64.0,907
131,52.0,2013-01-02,145.0,236,8,-64.0,909
132,53.0,2013-01-03,146.0,237,8,-65.0,908
133,54.0,2013-01-04,147.0,237,8,-65.0,914
134,55.0,2013-01-05,148.0,238,8,-65.0,912
135,56.0,2013-01-06,149.0,239,8,-65.0,914
136,58.0,2013-01-07,150.0,239,8,-64.0,913
137,59.0,2013-01-08,151.0,240,9,-65.0,915
138,60.0,2013-01-09,152.0,241,9,-63.0,914
139,61.0,2013-01-10,153.0,241,9,-65.0,915
140,62.0,2013-01-11,154.0,242,9,-65.0,917
141,63.0,2013-01-12,155.0,243,9,-64.0,917
142,64.0,2013-01-13,156.0,243,9,-65.0,922
143,65.0,2013-01-14,157.0,244,9,-64.0,920
144,66.0,2013-01-15,158.0,245,9,-66.0,922
145,67.0,2013-01-16,159.0,245,9,-65.0,918
146,69.0,2013-01-17,160.0,246,9,-67.0,919
147,70.0,2013-01-18,161.0,246,9,-65.0,919
148,71.0,2013-01-19,162.0,247,9,-65.0,919
149,72.0,2013-01-20,163.0,248,9,-65.0,919
150,73.0,2013-01-21,164.0,248,9,-64.0,919
151,74.0,2013-01-22,165.0,249,9,-65.0,922
152,75.0,2013-01-23,166.0,250,9,-65.0,922
153,76.0,2013-01-24,167.0,250,9,-65.0,920
154,77.0,2013-01-25,168.0,251,9,-66.0,923
155,78.0,2013-01-26,169.0,252,9,-66.0,922
156,80.0,2013-01-27,170.0,252,9,-66.0,925
157,81.0,2013-01-28,171.0,253,9,-67.0,925
158,82.0,2013-01-29,172.0,254,9,-67.0,923
159,83.0,2013-01-30,173.0,254,9,-67.0,920
160,84.0,2013-01-31,174.0,255,9,-67.0,921
161,85.0,2013-02-01,175.0,256,9,-68.0,921
162,86.0,2013-02-02,176.0,256,9,-67.0,920
163,87.0,2013-02-03,177.0,257,9,-66.0,921
164,88.0,2013-02-04,178.0,258,9,-66.0,920
165,89.0,2013-02-06,179.0,258,9,-66.0,920
166,91.0,2013-02-07,180.0,259,9,-67.0,919
167,92.0,2013-02-08,181.0,260,9,-67.0,918
168,93.0,2013-02-09,182.0,260,9,-67.0,921
169,94.0,2013-02-10,183.0,261,9,-67.0,921
170,95.0,2013-02-11,184.0,261,9,-67.0,923
171,96.0,2013-02-12,185.0,262,9,-67.0,923
172,97.0,2013-02-13,186.0,263,9,-66.0,922
173,98.0,2013-02-14,187.0,263,9,-67.0,921
174,99.0,2013-02-15,188.0,264,9,-68.0,920
175,100.0,2013-02-16,189.0,265,9,-68.0,920
176,102.0,2013-02-17,190.0,265,9,-66.0,917
177,103.0,2013-02-18,191.0,266,9,-67.0,921
178,106.0,2013-02-23,196.0,269,9,-66.0,916
179,107.0,2013-02-24,197.0,270,10,-68.0,915
180,108.0,2013-02-25,198.0,271,10,-67.0,914
181,109.0,2013-02-26,199.0,271,10,-66.0,917
182,116.0,2013-03-23,223.0,287,10,-71.0,895
183,117.0,2013-03-24,224.0,287,10,-69.0,894
184,118.0,2013-03-25,225.0,288,10,-71.0,894
185,119.0,2013-03-26,226.0,288,10,-70.0,894
186,120.0,2013-03-27,227.0,289,10,-70.0,892
187,121.0,2013-03-28,228.0,290,10,-71.0,894
188,122.0,2013-03-29,229.0,290,10,-69.0,894
189,124.0,2013-03-30,230.0,291,10,-69.0,888
190,125.0,2013-03-31,231.0,292,10,-71.0,890
191,126.0,2013-04-01,232.0,292,10,-69.0,888
192,127.0,2013-04-02,233.0,293,10,-69.0,889
193,128.0,2013-04-03,234.0,293,10,-69.0,890
194,129.0,2013-04-04,235.0,294,10,-70.0,886
195,130.0,2013-04-05,236.0,295,10,-72.0,886
196,131.0,2013-04-06,237.0,295,10,-71.0,883
197,132.0,2013-04-07,238.0,296,10,-70.0,885
198,133.0,2013-04-08,239.0,297,10,-73.0,885
199,135.0,2013-04-09,240.0,297,10,-70.0,884
200,136.0,2013-04-10,241.0,298,10,-72.0,884
201,137.0,2013-04-11,242.0,298,10,-70.0,881
202,138.0,2013-04-12,243.0,299,10,-71.0,884
203,139.0,2013-04-13,244.0,300,11,-69.0,878
204,140.0,2013-04-14,245.0,300,11,-70.0,879
205,141.0,2013-04-15,246.0,301,11,-73.0,878
206,142.0,2013-04-16,247.0,301,11,-71.0,873
207,143.0,2013-04-17,248.0,302,11,-70.0,877
208,144.0,2013-04-18,249.0,303,11,-69.0,873
209,146.0,2013-04-19,250.0,303,11,-70.0,877
210,147.0,2013-04-20,251.0,304,11,-71.0,876
211,148.0,2013-04-22,252.0,304,11,-71.0,874
212,149.0,2013-04-23,253.0,305,11,-71.0,877
213,150.0,2013-04-24,254.0,306,11,-70.0,871
214,151.0,2013-04-25,255.0,306,11,-69.0,877
215,152.0,2013-04-26,256.0,307,11,-70.0,871
216,153.0,2013-04-27,257.0,308,11,-70.0,871
217,154.0,2013-04-28,258.0,308,11,-71.0,869
218,155.0,2013-04-29,259.0,309,11,-72.0,871
219,157.0,2013-04-30,260.0,309,11,-70.0,875
220,158.0,2013-05-01,261.0,310,11,-70.0,868
221,161.0,2013-05-08,268.0,314,11,-70.0,864
222,162.0,2013-05-09,269.0,315,11,-72.0,866
223,164.0,2013-05-10,270.0,315,11,-67.0,863
224,165.0,2013-05-11,271.0,316,11,-69.0,864
225,166.0,2013-05-12,272.0,316,11,-71.0,864
226,167.0,2013-05-13,273.0,317,11,-70.0,861
227,168.0,2013-05-14,274.0,318,11,-70.0,861
228,169.0,2013-05-15,275.0,318,11,-67.0,860
229,244.0,2013-05-16,276.0,319,11,-69.0,858
230,245.0,2013-05-17,277.0,319,11,-69.0,857
231,246.0,2013-05-18,278.0,320,11,-67.0,855
232,247.0,2013-05-19,279.0,321,11,-68.0,856
233,248.0,2013-05-20,280.0,321,11,-69.0,856
234,249.0,2013-05-21,281.0,322,11,-68.0,855
235,250.0,2013-05-22,282.0,322,11,-72.0,856
236,251.0,2013-05-23,283.0,323,11,-68.0,854
237,252.0,2013-05-24,284.0,323,11,-71.0,854
238,253.0,2013-05-25,285.0,324,11,-70.0,852
239,254.0,2013-05-26,286.0,325,11,-71.0,854
240,255.0,2013-05-27,287.0,325,11,-72.0,856
241,256.0,2013-05-29,288.0,326,11,-69.0,854
242,257.0,2013-05-30,289.0,326,11,-71.0,854
243,258.0,2013-05-31,290.0,327,11,-71.0,853
244,259.0,2013-06-01,291.0,327,11,-70.0,853
245,260.0,2013-06-02,292.0,328,11,-71.0,853
246,261.0,2013-06-03,293.0,329,11,-72.0,850
247,262.0,2013-06-04,294.0,329,11,-72.0,852
248,263.0,2013-06-05,295.0,330,12,-71.0,853
249,264.0,2013-06-06,296.0,330,12,-71.0,850
250,265.0,2013-06-07,297.0,331,12,-72.0,849
251,266.0,2013-06-08,298.0,331,12,-72.0,850
252,267.0,2013-06-09,299.0,332,12,-71.0,849
253,286.0,2013-06-10,300.0,333,12,-72.0,852
254,276.0,2013-06-11,301.0,333,12,-73.0,852
255,287.0,2013-06-12,302.0,334,12,-71.0,850
256,283.0,2013-06-13,303.0,334,12,-71.0,849
257,281.0,2013-06-14,304.0,335,12,-70.0,848
258,275.0,2013-06-15,305.0,335,12,-71.0,847
259,280.0,2013-06-16,306.0,336,12,-71.0,848
260,279.0,2013-06-17,307.0,336,12,-72.0,851
261,282.0,2013-06-18,308.0,337,12,-73.0,850
262,284.0,2013-06-19,309.0,338,12,-72.0,848
263,278.0,2013-06-20,310.0,338,12,-71.0,849
264,277.0,2013-06-21,311.0,339,12,-74.0,846
265,285.0,2013-06-22,312.0,339,12,-71.0,845
266,274.0,2013-06-23,313.0,340,12,-77.0,849
267,272.0,2013-06-24,314.0,340,12,-73.0,848
268,273.0,2013-06-25,315.0,341,12,-74.0,850
269,288.0,2013-06-26,316.0,341,12,-74.0,851
270,268.0,2013-06-27,317.0,342,12,-72.0,849
271,270.0,2013-06-28,318.0,342,12,-74.0,849
272,271.0,2013-06-29,319.0,343,12,-73.0,847
273,269.0,2013-06-30,320.0,344,12,-74.0,846
274,289.0,2013-07-01,321.0,344,12,-75.0,847
275,291.0,2013-07-02,322.0,345,12,-74.0,849
276,290.0,2013-07-03,323.0,345,12,-74.0,847
277,292.0,2013-07-04,324.0,346,12,-75.0,850
278,294.0,2013-07-06,325.0,346,12,-74.0,847
279,295.0,2013-07-07,326.0,347,12,-72.0,848
280,296.0,2013-07-08,327.0,347,12,-74.0,848
281,293.0,2013-07-09,328.0,348,12,-75.0,847
282,298.0,2013-07-10,329.0,348,12,-74.0,847
283,297.0,2013-07-11,330.0,349,12,-75.0,848
284,303.0,2013-07-12,331.0,349,12,-74.0,848
285,300.0,2013-07-13,332.0,350,12,-76.0,849
286,299.0,2013-07-14,333.0,350,12,-75.0,849
287,301.0,2013-07-15,334.0,351,12,-74.0,852
288,302.0,2013-07-16,335.0,352,12,-76.0,852
289,305.0,2013-07-17,336.0,352,12,-76.0,852
290,304.0,2013-07-18,337.0,353,12,-75.0,853
291,306.0,2013-07-19,338.0,353,12,-78.0,848
292,308.0,2013-07-20,339.0,354,12,-76.0,849
293,307.0,2013-07-21,340.0,354,12,-76.0,851
294,310.0,2013-07-22,341.0,355,12,-77.0,852
295,309.0,2013-07-23,342.0,355,12,-76.0,851
296,311.0,2013-07-24,343.0,356,12,-77.0,850
297,317.0,2013-07-25,344.0,356,12,-77.0,851
298,312.0,2013-07-26,345.0,357,12,-77.0,853
299,314.0,2013-07-27,346.0,357,12,-76.0,853
300,313.0,2013-07-28,347.0,358,12,-77.0,851
301,315.0,2013-07-29,348.0,358,12,-74.0,850
302,316.0,2013-07-30,349.0,359,12,-75.0,852
303,318.0,2013-07-31,350.0,359,12,-76.0,853
304,320.0,2013-08-01,351.0,0,1,-75.0,853
305,319.0,2013-08-02,352.0,0,1,-77.0,854
306,323.0,2013-08-03,353.0,1,1,-75.0,855
307,322.0,2013-08-04,354.0,1,1,-75.0,857
308,321.0,2013-08-05,355.0,2,1,-75.0,857
309,324.0,2013-08-06,356.0,2,1,-77.0,856
310,325.0,2013-08-07,357.0,3,1,-76.0,857
311,326.0,2013-08-17,366.0,7,1,-76.0,861
312,328.0,2013-08-18,367.0,8,1,-76.0,862
313,330.0,2013-08-19,368.0,8,1,-77.0,863
314,331.0,2013-08-20,369.0,9,1,-75.0,865
315,332.0,2013-08-21,370.0,9,1,-79.0,865
316,333.0,2013-08-22,371.0,10,1,-77.0,865
317,334.0,2013-08-23,372.0,10,1,-76.0,866
318,335.0,2013-08-24,373.0,11,1,-79.0,866
319,337.0,2013-08-25,374.0,11,1,-79.0,866
320,336.0,2013-08-26,375.0,12,1,-77.0,867
321,340.0,2013-08-27,376.0,12,1,-78.0,870
322,338.0,2013-08-28,377.0,13,1,-78.0,870
323,339.0,2013-08-29,378.0,13,1,-78.0,869
324,341.0,2013-08-30,379.0,14,1,-79.0,870
325,343.0,2013-08-31,380.0,14,1,-79.0,870
326,345.0,2013-09-01,381.0,15,1,-79.0,871
327,344.0,2013-09-02,382.0,15,1,-76.0,872
328,342.0,2013-09-03,383.0,16,1,-77.0,874
329,346.0,2013-09-04,384.0,16,1,-77.0,875
330,351.0,2013-09-05,385.0,17,1,-78.0,874
331,347.0,2013-09-06,386.0,17,1,-77.0,873
332,349.0,2013-09-07,387.0,18,1,-78.0,874
333,350.0,2013-09-08,388.0,18,1,-79.0,875
334,348.0,2013-09-09,389.0,19,1,-79.0,875
335,352.0,2013-09-10,390.0,19,1,-78.0,875
336,353.0,2013-09-11,391.0,20,1,-78.0,875
337,354.0,2013-09-12,392.0,20,1,-77.0,876
338,355.0,2013-09-13,393.0,21,1,-76.0,877
339,356.0,2013-09-14,394.0,21,1,-79.0,878
340,357.0,2013-09-15,395.0,22,1,-77.0,878
341,358.0,2013-09-16,396.0,22,1,-78.0,879
342,359.0,2013-09-18,397.0,23,1,-75.0,880
343,360.0,2013-09-19,398.0,23,1,-79.0,880
344,361.0,2013-09-20,399.0,24,1,-79.0,881
345,363.0,2013-09-21,400.0,24,1,-79.0,881
346,362.0,2013-09-22,401.0,25,1,-79.0,882
347,365.0,2013-09-23,402.0,25,1,-78.0,883
348,364.0,2013-09-24,403.0,25,1,-80.0,883
349,367.0,2013-09-25,404.0,26,1,-78.0,884
350,366.0,2013-09-26,405.0,26,1,-82.0,885
351,374.0,2013-09-27,406.0,27,1,-81.0,886
352,370.0,2013-09-28,407.0,27,1,-81.0,887
353,369.0,2013-09-29,408.0,28,1,-80.0,887
354,368.0,2013-09-30,409.0,28,1,-81.0,887
355,373.0,2013-10-01,410.0,29,1,-81.0,888
356,372.0,2013-10-02,411.0,29,1,-82.0,887
357,371.0,2013-10-03,412.0,30,2,-80.0,888
358,376.0,2013-10-04,413.0,30,2,-82.0,888
359,375.0,2013-10-05,414.0,31,2,-79.0,889
360,377.0,2013-10-06,415.0,31,2,-82.0,890
361,378.0,2013-10-07,416.0,32,2,-79.0,889
362,379.0,2013-10-08,417.0,32,2,-82.0,890
363,380.0,2013-10-09,418.0,33,2,-79.0,891
364,381.0,2013-10-10,419.0,33,2,-82.0,891
365,385.0,2013-10-11,420.0,33,2,-80.0,892
366,382.0,2013-10-12,421.0,34,2,-81.0,890
367,384.0,2013-10-13,422.0,34,2,-82.0,891
368,383.0,2013-10-14,423.0,35,2,-81.0,892
369,386.0,2013-10-15,424.0,35,2,-81.0,893
370,393.0,2013-10-16,425.0,36,2,-81.0,893
371,388.0,2013-10-17,426.0,36,2,-79.0,893
372,392.0,2013-10-18,427.0,37,2,-81.0,893
373,391.0,2013-10-19,428.0,37,2,-81.0,894
374,387.0,2013-10-20,429.0,38,2,-82.0,895
375,390.0,2013-10-21,430.0,38,2,-82.0,896
376,389.0,2013-10-22,431.0,39,2,-83.0,895
377,395.0,2013-10-23,432.0,39,2,-80.0,896
378,394.0,2013-10-24,433.0,40,2,-81.0,895
379,397.0,2013-10-26,434.0,40,2,-80.0,896
380,396.0,2013-10-27,435.0,40,2,-81.0,896
381,398.0,2013-10-28,436.0,41,2,-81.0,897
382,399.0,2013-10-29,437.0,41,2,-82.0,898
383,400.0,2013-10-30,438.0,42,2,-79.0,899
384,401.0,2013-10-31,439.0,42,2,-80.0,899
385,404.0,2013-11-01,440.0,43,2,-80.0,899
386,402.0,2013-11-02,441.0,43,2,-81.0,900
387,405.0,2013-11-03,442.0,44,2,-80.0,900
388,403.0,2013-11-04,443.0,44,2,-81.0,901
389,407.0,2013-11-16,455.0,50,2,-84.0,905
390,406.0,2013-11-17,456.0,50,2,-83.0,905
391,409.0,2013-11-24,463.0,53,2,-86.0,906
392,410.0,2013-11-25,464.0,54,2,-84.0,906
393,412.0,2013-11-26,465.0,54,2,-85.0,906
394,415.0,2013-11-27,466.0,55,2,-85.0,907
395,411.0,2013-11-28,467.0,55,2,-84.0,907
396,414.0,2013-11-29,468.0,55,2,-85.0,907
397,413.0,2013-11-30,469.0,56,2,-85.0,908
398,475.0,2013-12-02,470.0,56,2,-85.0,907
399,479.0,2013-12-03,471.0,57,2,-84.0,906
400,416.0,2013-12-04,472.0,57,2,-84.0,907
401,417.0,2013-12-05,473.0,58,2,-86.0,907
402,420.0,2013-12-06,474.0,58,2,-84.0,906
403,419.0,2013-12-07,475.0,59,2,-85.0,906
404,418.0,2013-12-08,476.0,59,2,-85.0,906
405,421.0,2013-12-09,477.0,60,3,-85.0,907
406,422.0,2013-12-18,486.0,64,3,-84.0,904
407,473.0,2013-12-19,487.0,64,3,-85.0,904
408,480.0,2013-12-20,488.0,64,3,-87.0,903
409,423.0,2013-12-21,489.0,65,3,-85.0,904
410,434.0,2013-12-22,490.0,65,3,-87.0,903
411,433.0,2013-12-23,491.0,66,3,-86.0,903
412,427.0,2013-12-24,492.0,66,3,-86.0,903
413,426.0,2013-12-25,493.0,67,3,-84.0,902
414,429.0,2013-12-26,494.0,67,3,-85.0,902
415,431.0,2013-12-27,495.0,68,3,-86.0,900
416,428.0,2013-12-28,496.0,68,3,-85.0,901
417,425.0,2013-12-29,497.0,69,3,-86.0,901
418,424.0,2013-12-30,498.0,69,3,-86.0,901
419,432.0,2013-12-31,499.0,69,3,-84.0,899
420,430.0,2014-01-01,500.0,70,3,-85.0,897
421,435.0,2014-01-02,501.0,70,3,-86.0,898
422,437.0,2014-01-03,502.0,71,3,-87.0,898
423,483.0,2014-01-04,503.0,71,3,-86.0,897
424,436.0,2014-01-05,504.0,72,3,-85.0,895
425,438.0,2014-01-06,505.0,72,3,-85.0,895
426,439.0,2014-01-08,506.0,73,3,-86.0,894
427,440.0,2014-01-09,507.0,73,3,-85.0,894
428,442.0,2014-01-10,508.0,73,3,-83.0,893
429,443.0,2014-01-11,509.0,74,3,-86.0,895
430,441.0,2014-01-12,510.0,74,3,-85.0,892
431,446.0,2014-01-13,511.0,75,3,-85.0,892
432,444.0,2014-01-14,512.0,75,3,-86.0,890
433,445.0,2014-01-15,513.0,76,3,-86.0,889
434,447.0,2014-01-16,514.0,76,3,-86.0,888
435,450.0,2014-01-17,515.0,77,3,-86.0,888
436,449.0,2014-01-18,516.0,77,3,-86.0,888
437,448.0,2014-01-19,517.0,77,3,-86.0,885
438,451.0,2014-01-20,518.0,78,3,-85.0,885
439,452.0,2014-01-21,519.0,78,3,-86.0,884
440,453.0,2014-01-22,520.0,79,3,-86.0,884
441,454.0,2014-01-23,521.0,79,3,-87.0,882
442,455.0,2014-01-24,522.0,80,3,-85.0,881
443,458.0,2014-01-25,523.0,80,3,-85.0,881
444,457.0,2014-01-26,524.0,81,3,-85.0,880
445,456.0,2014-01-27,525.0,81,3,-87.0,878
446,459.0,2014-01-28,526.0,82,3,-87.0,878
447,460.0,2014-01-29,527.0,82,3,-86.0,877
448,461.0,2014-01-30,528.0,82,3,-86.0,876
449,462.0,2014-01-31,529.0,83,3,-87.0,875
450,463.0,2014-02-01,530.0,83,3,-87.0,873
451,465.0,2014-02-02,531.0,84,3,-87.0,872
452,464.0,2014-02-03,532.0,84,3,-88.0,872
453,466.0,2014-02-04,533.0,85,3,-87.0,871
454,467.0,2014-02-05,534.0,85,3,-86.0,869
455,468.0,2014-02-06,535.0,86,3,-88.0,868
456,470.0,2014-02-07,536.0,86,3,-83.0,867
457,469.0,2014-02-08,537.0,86,3,-83.0,865
458,472.0,2014-02-09,538.0,87,3,-85.0,865
459,476.0,2014-02-10,539.0,87,3,-85.0,864
460,481.0,2014-02-11,540.0,88,3,-84.0,862
461,482.0,2014-02-12,541.0,88,3,-84.0,861
462,477.0,2014-02-13,542.0,89,3,-85.0,859
463,486.0,2014-02-15,543.0,89,3,-84.0,858
464,487.0,2014-02-16,544.0,90,4,-86.0,857
465,490.0,2014-02-17,545.0,90,4,-85.0,856
466,489.0,2014-02-18,546.0,91,4,-85.0,855
467,488.0,2014-02-19,547.0,91,4,-85.0,853
468,491.0,2014-02-20,548.0,91,4,-86.0,852
469,492.0,2014-02-21,549.0,92,4,-87.0,851
470,494.0,2014-02-22,550.0,92,4,-85.0,850
471,495.0,2014-02-23,551.0,93,4,-85.0,848
472,493.0,2014-02-24,552.0,93,4,-86.0,847
473,496.0,2014-02-25,553.0,94,4,-84.0,845
474,497.0,2014-02-26,554.0,94,4,-84.0,843
475,499.0,2014-02-27,555.0,95,4,-85.0,843
476,501.0,2014-02-28,556.0,95,4,-85.0,842
477,498.0,2014-03-01,557.0,96,4,-85.0,840
478,500.0,2014-03-02,558.0,96,4,-85.0,839
479,502.0,2014-03-03,559.0,96,4,-85.0,838
480,503.0,2014-03-04,560.0,97,4,-86.0,836
481,504.0,2014-03-05,561.0,97,4,-85.0,835
482,506.0,2014-03-06,562.0,98,4,-85.0,834
483,505.0,2014-03-07,563.0,98,4,-87.0,833
484,509.0,2014-03-08,564.0,99,4,-86.0,831
485,508.0,2014-03-09,565.0,99,4,-85.0,830
486,507.0,2014-03-10,566.0,100,4,-86.0,829
487,510.0,2014-03-11,567.0,100,4,-86.0,827
488,511.0,2014-03-12,568.0,101,4,-86.0,825
489,512.0,2014-03-13,569.0,101,4,-85.0,825
490,513.0,2014-03-14,570.0,102,4,-84.0,823
491,515.0,2014-03-15,571.0,102,4,-84.0,821
492,514.0,2014-03-16,572.0,102,4,-85.0,820
493,516.0,2014-03-17,573.0,103,4,-84.0,819
494,517.0,2014-03-18,574.0,103,4,-85.0,817
495,518.0,2014-03-19,575.0,104,4,-82.0,816
496,520.0,2014-03-20,576.0,104,4,-84.0,815
497,519.0,2014-03-21,577.0,105,4,-84.0,813
498,521.0,2014-03-22,578.0,105,4,-83.0,812
499,522.0,2014-03-24,579.0,106,4,-82.0,811
500,523.0,2014-03-25,580.0,106,4,-83.0,810
501,524.0,2014-03-26,581.0,107,4,-84.0,808
502,525.0,2014-03-27,582.0,107,4,-84.0,807
503,526.0,2014-03-28,583.0,108,4,-82.0,806
504,528.0,2014-03-29,584.0,108,4,-82.0,804
505,527.0,2014-03-30,585.0,109,4,-83.0,802
506,529.0,2014-03-31,586.0,109,4,-82.0,802
507,530.0,2014-04-01,587.0,109,4,-85.0,801
508,532.0,2014-04-02,588.0,110,4,-84.0,799
509,531.0,2014-04-03,589.0,110,4,-85.0,798
510,535.0,2014-04-04,590.0,111,4,-82.0,797
511,533.0,2014-04-05,591.0,111,4,-82.0,795
512,534.0,2014-04-06,592.0,112,4,-83.0,795
513,536.0,2014-04-07,593.0,112,4,-83.0,795
514,537.0,2014-04-08,594.0,113,4,-83.0,793
515,538.0,2014-04-09,595.0,113,4,-83.0,792
516,539.0,2014-04-10,596.0,114,4,-82.0,791
517,540.0,2014-04-11,597.0,114,4,-84.0,790
518,542.0,2014-04-12,598.0,115,4,-84.0,787
519,543.0,2014-04-13,599.0,115,4,-84.0,788
520,541.0,2014-04-14,600.0,116,4,-81.0,787
521,544.0,2014-04-15,601.0,116,4,-82.0,785
522,545.0,2014-04-16,602.0,117,4,-82.0,784
523,548.0,2014-04-17,603.0,117,4,-83.0,783
524,546.0,2014-04-18,604.0,118,4,-84.0,782
525,547.0,2014-04-19,605.0,118,4,-83.0,781
526,549.0,2014-04-20,606.0,118,4,-84.0,780
527,550.0,2014-04-21,607.0,119,4,-83.0,779
528,551.0,2014-04-22,608.0,119,4,-85.0,777
529,552.0,2014-04-23,609.0,120,5,-84.0,777
530,554.0,2014-04-24,610.0,120,5,-85.0,776
531,555.0,2014-04-25,611.0,121,5,-84.0,775
532,553.0,2014-04-26,612.0,121,5,-85.0,774
533,556.0,2014-04-27,613.0,122,5,-84.0,773
534,557.0,2014-04-28,614.0,122,5,-82.0,772
535,558.0,2014-04-29,615.0,123,5,-83.0,771
536,559.0,2014-05-01,616.0,123,5,-82.0,769
537,561.0,2014-05-02,617.0,124,5,-84.0,769
538,562.0,2014-05-03,618.0,124,5,-83.0,769
539,560.0,2014-05-04,619.0,125,5,-82.0,766
540,563.0,2014-05-05,620.0,125,5,-83.0,765
541,564.0,2014-05-06,621.0,126,5,-82.0,765
542,565.0,2014-05-07,622.0,126,5,-84.0,763
543,566.0,2014-05-08,623.0,127,5,-83.0,763
544,568.0,2014-05-09,624.0,127,5,-82.0,762
545,569.0,2014-05-10,625.0,128,5,-81.0,761
546,567.0,2014-05-11,626.0,128,5,-82.0,760
547,570.0,2014-05-12,627.0,129,5,-82.0,759
548,571.0,2014-05-13,628.0,129,5,-81.0,759
549,572.0,2014-05-14,629.0,130,5,-84.0,759
550,573.0,2014-05-15,630.0,130,5,-82.0,757
551,576.0,2014-05-16,631.0,131,5,-81.0,756
552,575.0,2014-05-17,632.0,131,5,-79.0,755
553,574.0,2014-05-18,633.0,132,5,-81.0,754
554,577.0,2014-05-19,634.0,132,5,-82.0,753
555,578.0,2014-05-20,635.0,133,5,-82.0,754
556,582.0,2014-05-21,636.0,133,5,-81.0,752
557,580.0,2014-05-22,637.0,134,5,-80.0,752
558,579.0,2014-05-23,638.0,134,5,-80.0,751
559,581.0,2014-05-24,639.0,135,5,-80.0,750
560,583.0,2014-05-25,640.0,135,5,-81.0,750
561,584.0,2014-05-26,641.0,136,5,-81.0,749
562,585.0,2014-05-27,642.0,136,5,-80.0,749
563,586.0,2014-05-28,643.0,137,5,-80.0,748
564,588.0,2014-05-29,644.0,137,5,-80.0,748
565,589.0,2014-05-30,645.0,138,5,-81.0,746
566,587.0,2014-05-31,646.0,138,5,-81.0,746
567,590.0,2014-06-01,647.0,139,5,-79.0,746
568,591.0,2014-06-02,648.0,139,5,-80.0,746
569,592.0,2014-06-03,649.0,140,5,-79.0,745
570,593.0,2014-06-04,650.0,140,5,-80.0,743
571,595.0,2014-06-05,651.0,141,5,-80.0,743
572,594.0,2014-06-07,652.0,141,5,-79.0,745
573,596.0,2014-06-08,653.0,142,5,-80.0,744
574,597.0,2014-06-09,654.0,142,5,-79.0,742
575,598.0,2014-06-10,655.0,143,5,-77.0,741
576,599.0,2014-06-11,656.0,143,5,-80.0,740
577,600.0,2014-06-12,657.0,144,5,-79.0,739
578,602.0,2014-06-13,658.0,144,5,-79.0,739
579,603.0,2014-06-14,659.0,145,5,-77.0,738
580,601.0,2014-06-15,660.0,145,5,-78.0,735
581,604.0,2014-06-16,661.0,146,5,-76.0,735
582,605.0,2014-06-17,662.0,146,5,-77.0,735
583,609.0,2014-06-18,663.0,147,5,-77.0,734
584,607.0,2014-06-19,664.0,147,5,-78.0,732
585,610.0,2014-06-20,665.0,148,5,-78.0,735
586,608.0,2014-06-21,666.0,148,5,-77.0,736
587,606.0,2014-06-22,667.0,149,5,-76.0,736
588,611.0,2014-06-23,668.0,150,6,-75.0,734
589,613.0,2014-06-24,669.0,150,6,-84.0,735
590,612.0,2014-06-25,670.0,151,6,-79.0,737
591,614.0,2014-06-26,671.0,151,6,-79.0,740
592,615.0,2014-06-27,672.0,152,6,-78.0,739
593,616.0,2014-06-28,673.0,152,6,-78.0,738
594,617.0,2014-06-29,674.0,153,6,-80.0,739
595,618.0,2014-06-30,675.0,153,6,-80.0,740
596,619.0,2014-07-01,676.0,154,6,-80.0,738
597,622.0,2014-07-02,677.0,154,6,-78.0,737
598,621.0,2014-07-03,678.0,155,6,-77.0,739
599,624.0,2014-07-04,679.0,155,6,-77.0,738
600,620.0,2014-07-05,680.0,156,6,-76.0,740
601,623.0,2014-07-06,681.0,156,6,-79.0,738
602,625.0,2014-07-07,682.0,157,6,-77.0,739
603,626.0,2014-07-08,683.0,158,6,-79.0,741
604,627.0,2014-07-09,684.0,158,6,-75.0,741
605,628.0,2014-07-10,685.0,159,6,-77.0,740
606,629.0,2014-07-11,686.0,159,6,-76.0,738
607,630.0,2014-07-12,687.0,160,6,-77.0,739
608,631.0,2014-07-14,688.0,160,6,-77.0,741
609,632.0,2014-07-15,689.0,161,6,-76.0,742
610,633.0,2014-07-16,690.0,161,6,-77.0,741
611,634.0,2014-07-17,691.0,162,6,-76.0,741
612,637.0,2014-07-18,692.0,162,6,-76.0,742
613,636.0,2014-07-19,693.0,163,6,-76.0,741
614,635.0,2014-07-20,694.0,164,6,-75.0,740
615,638.0,2014-07-21,695.0,164,6,-76.0,741
616,639.0,2014-07-22,696.0,165,6,-75.0,743
617,640.0,2014-07-23,697.0,165,6,-74.0,743
618,641.0,2014-07-24,698.0,166,6,-77.0,743
619,642.0,2014-07-25,699.0,166,6,-76.0,744
620,643.0,2014-07-26,700.0,167,6,-75.0,745
621,644.0,2014-07-27,701.0,167,6,-77.0,745
622,645.0,2014-07-28,702.0,168,6,-76.0,745
623,646.0,2014-07-29,703.0,169,6,-75.0,747
624,647.0,2014-07-30,704.0,169,6,-75.0,747
625,648.0,2014-07-31,705.0,170,6,-76.0,746
626,650.0,2014-08-01,706.0,170,6,-76.0,748
627,651.0,2014-08-02,707.0,171,6,-76.0,749
628,649.0,2014-08-03,708.0,171,6,-76.0,749
629,652.0,2014-08-04,709.0,172,6,-73.0,750
630,653.0,2014-08-05,710.0,172,6,-77.0,751
631,654.0,2014-08-06,711.0,173,6,-75.0,751
632,658.0,2014-08-07,712.0,174,6,-77.0,752
633,656.0,2014-08-08,713.0,174,6,-76.0,754
634,655.0,2014-08-09,714.0,175,6,-76.0,754
635,657.0,2014-08-10,715.0,175,6,-73.0,755
636,659.0,2014-08-11,716.0,176,6,-75.0,755
637,661.0,2014-08-12,717.0,176,6,-76.0,756
638,660.0,2014-08-13,718.0,177,6,-77.0,757
639,662.0,2014-08-14,719.0,178,6,-77.0,758
640,663.0,2014-08-15,720.0,178,6,-74.0,760
641,664.0,2014-08-16,721.0,179,6,-73.0,761
642,665.0,2014-08-17,722.0,179,6,-74.0,760
643,666.0,2014-08-18,723.0,180,7,-73.0,761
644,667.0,2014-08-19,724.0,181,7,-74.0,763
645,669.0,2014-08-21,725.0,181,7,-73.0,764
646,668.0,2014-08-22,726.0,182,7,-75.0,766
647,671.0,2014-08-23,727.0,182,7,-76.0,766
648,670.0,2014-08-24,728.0,183,7,-74.0,766
649,672.0,2014-08-25,729.0,183,7,-75.0,768
650,676.0,2014-08-26,730.0,184,7,-76.0,770
651,673.0,2014-08-27,731.0,185,7,-75.0,771
652,677.0,2014-08-28,732.0,185,7,-75.0,773
653,674.0,2014-08-29,733.0,186,7,-74.0,773
654,675.0,2014-08-30,734.0,186,7,-73.0,776
655,678.0,2014-08-31,735.0,187,7,-73.0,776
656,679.0,2014-09-01,736.0,188,7,-76.0,776
657,680.0,2014-09-02,737.0,188,7,-74.0,777
658,681.0,2014-09-03,738.0,189,7,-75.0,778
659,682.0,2014-09-04,739.0,189,7,-77.0,779
660,685.0,2014-09-05,740.0,190,7,-76.0,782
661,683.0,2014-09-06,741.0,191,7,-70.0,784
662,684.0,2014-09-07,742.0,191,7,-72.0,784
663,686.0,2014-09-08,743.0,192,7,-72.0,786
664,687.0,2014-09-09,744.0,192,7,-75.0,786
665,689.0,2014-09-10,745.0,193,7,-74.0,787
666,688.0,2014-09-11,746.0,194,7,-76.0,788
667,691.0,2014-09-12,747.0,194,7,-73.0,789
668,690.0,2014-09-13,748.0,195,7,-71.0,791
669,692.0,2014-09-14,749.0,195,7,-73.0,794
670,693.0,2014-09-15,750.0,196,7,-72.0,796
671,695.0,2014-09-16,751.0,197,7,-72.0,797
672,694.0,2014-09-17,752.0,197,7,-71.0,798
673,698.0,2014-09-18,753.0,198,7,-73.0,800
674,696.0,2014-09-19,754.0,198,7,-73.0,802
675,697.0,2014-09-20,755.0,199,7,-74.0,806
676,699.0,2014-09-21,756.0,200,7,-73.0,806
677,700.0,2014-09-22,757.0,200,7,-73.0,807
678,701.0,2014-09-23,758.0,201,7,-71.0,810
679,702.0,2014-09-24,759.0,201,7,-77.0,809
680,704.0,2014-09-25,760.0,202,7,-70.0,810
681,705.0,2014-09-27,761.0,203,7,-72.0,814
682,703.0,2014-09-28,762.0,203,7,-75.0,814
683,706.0,2014-09-29,763.0,204,7,-78.0,817
684,707.0,2014-09-30,764.0,205,7,-73.0,821
685,708.0,2014-10-01,765.0,205,7,-73.0,820
686,709.0,2014-10-02,766.0,206,7,-70.0,824
687,710.0,2014-10-03,767.0,206,7,-71.0,824
688,712.0,2014-10-04,768.0,207,7,-73.0,826
689,711.0,2014-10-05,769.0,208,7,-73.0,829
690,713.0,2014-10-06,770.0,208,7,-70.0,829
691,714.0,2014-10-07,771.0,209,7,-71.0,836
692,715.0,2014-10-08,772.0,210,8,-71.0,835
693,716.0,2014-10-09,773.0,210,8,-70.0,838
694,719.0,2014-10-10,774.0,211,8,-73.0,838
695,717.0,2014-10-11,775.0,211,8,-71.0,838
696,718.0,2014-10-12,776.0,212,8,-72.0,841
697,720.0,2014-10-13,777.0,213,8,-72.0,841
698,721.0,2014-10-14,778.0,213,8,-70.0,846
699,722.0,2014-10-15,779.0,214,8,-71.0,845
700,723.0,2014-10-16,780.0,215,8,-72.0,852
701,725.0,2014-10-17,781.0,215,8,-74.0,849
702,724.0,2014-10-18,782.0,216,8,-71.0,854
703,727.0,2014-10-19,783.0,216,8,-69.0,853
704,726.0,2014-10-20,784.0,217,8,-69.0,857
705,728.0,2014-10-21,785.0,218,8,-74.0,858
706,729.0,2014-10-22,786.0,218,8,-74.0,861
707,732.0,2014-10-23,787.0,219,8,-73.0,860
708,731.0,2014-10-24,788.0,220,8,-68.0,862
709,730.0,2014-10-25,789.0,220,8,-68.0,862
710,733.0,2014-10-26,790.0,221,8,-68.0,864
711,734.0,2014-10-27,791.0,222,8,-70.0,867
712,735.0,2014-10-28,792.0,222,8,-71.0,873
713,736.0,2014-10-29,793.0,223,8,-71.0,877
714,739.0,2014-10-30,794.0,223,8,-68.0,874
715,738.0,2014-10-31,795.0,224,8,-68.0,875
716,737.0,2014-11-01,796.0,225,8,-65.0,877
717,740.0,2014-11-03,797.0,225,8,-65.0,879
718,741.0,2014-11-04,798.0,226,8,-67.0,883
719,743.0,2014-11-05,799.0,227,8,-70.0,884
720,742.0,2014-11-06,800.0,227,8,-67.0,884
721,746.0,2014-11-07,801.0,228,8,-70.0,884
722,745.0,2014-11-08,802.0,229,8,-69.0,887
723,744.0,2014-11-09,803.0,229,8,-69.0,888
724,747.0,2014-11-10,804.0,230,8,-73.0,891
725,748.0,2014-11-11,805.0,231,8,-70.0,893
726,750.0,2014-11-12,806.0,231,8,-69.0,893
727,749.0,2014-11-13,807.0,232,8,-71.0,892
728,752.0,2014-11-14,808.0,232,8,-67.0,893
729,753.0,2014-11-15,809.0,233,8,-70.0,895
730,751.0,2014-11-16,810.0,234,8,-69.0,897
731,754.0,2014-11-17,811.0,234,8,-71.0,900
732,755.0,2014-11-18,812.0,235,8,-75.0,902
733,756.0,2014-11-19,813.0,236,8,-67.0,904
734,757.0,2014-11-20,814.0,236,8,-68.0,902
735,759.0,2014-11-21,815.0,237,8,-69.0,905
736,758.0,2014-11-22,816.0,238,8,-74.0,909
737,761.0,2014-11-23,817.0,238,8,-69.0,913
738,760.0,2014-11-24,818.0,239,8,-68.0,914
739,763.0,2014-11-25,819.0,240,9,-71.0,913
740,765.0,2014-11-26,820.0,240,9,-68.0,910
741,762.0,2014-11-27,821.0,241,9,-68.0,910
742,764.0,2014-11-28,822.0,242,9,-71.0,911
743,766.0,2014-11-29,823.0,242,9,-69.0,912
744,768.0,2014-11-30,824.0,243,9,-67.0,914
745,767.0,2014-12-01,825.0,243,9,-67.0,914
746,770.0,2014-12-02,826.0,244,9,-68.0,914
747,769.0,2014-12-03,827.0,245,9,-68.0,911
748,771.0,2014-12-04,828.0,245,9,-71.0,914
749,773.0,2014-12-05,829.0,246,9,-71.0,914
750,772.0,2014-12-06,830.0,247,9,-68.0,918
751,774.0,2014-12-07,831.0,247,9,-68.0,920
752,775.0,2014-12-08,832.0,248,9,-68.0,924
753,776.0,2014-12-09,833.0,249,9,-69.0,923
754,777.0,2014-12-11,834.0,249,9,-68.0,918
755,780.0,2014-12-12,835.0,250,9,-69.0,917
756,778.0,2014-12-13,836.0,251,9,-69.0,916
757,779.0,2014-12-14,837.0,251,9,-69.0,916
758,782.0,2014-12-15,838.0,252,9,-69.0,917
759,781.0,2014-12-16,839.0,253,9,-70.0,917
760,783.0,2014-12-17,840.0,253,9,-74.0,913
761,784.0,2014-12-18,841.0,254,9,-75.0,914
762,790.0,2014-12-19,842.0,255,9,-69.0,914
763,793.0,2014-12-20,843.0,255,9,-69.0,916
764,788.0,2014-12-21,844.0,256,9,-68.0,917
765,786.0,2014-12-22,845.0,257,9,-73.0,920
766,785.0,2014-12-23,846.0,257,9,-74.0,925
767,791.0,2014-12-24,847.0,258,9,-69.0,918
768,792.0,2014-12-25,848.0,258,9,-69.0,918
769,787.0,2014-12-26,849.0,259,9,-69.0,918
770,789.0,2014-12-27,850.0,260,9,-68.0,918
771,794.0,2014-12-28,851.0,260,9,-68.0,919
772,797.0,2014-12-29,852.0,261,9,-73.0,916
773,796.0,2014-12-30,853.0,262,9,-67.0,913
774,798.0,2014-12-31,854.0,262,9,-66.0,910
775,799.0,2015-01-01,855.0,263,9,-69.0,912
776,795.0,2015-01-02,856.0,264,9,-68.0,912
777,801.0,2015-01-03,857.0,264,9,-76.0,911
778,800.0,2015-01-04,858.0,265,9,-73.0,913
779,802.0,2015-01-05,859.0,266,9,-72.0,915
780,803.0,2015-01-06,860.0,266,9,-69.0,916
781,804.0,2015-01-07,861.0,267,9,-70.0,917
782,807.0,2015-01-08,862.0,268,9,-70.0,917
783,805.0,2015-01-09,863.0,268,9,-72.0,916
784,806.0,2015-01-10,864.0,269,9,-70.0,914
785,808.0,2015-01-11,865.0,270,10,-70.0,913
786,809.0,2015-01-12,866.0,270,10,-71.0,911
787,810.0,2015-01-13,867.0,271,10,-71.0,910
788,811.0,2015-01-14,868.0,271,10,-71.0,908
789,812.0,2015-01-15,869.0,272,10,-72.0,906
790,813.0,2015-01-17,870.0,273,10,-74.0,909
791,814.0,2015-01-18,871.0,273,10,-70.0,903
792,815.0,2015-01-19,872.0,274,10,-72.0,902
793,817.0,2015-01-28,881.0,280,10,-73.0,899
794,818.0,2015-01-29,882.0,280,10,-76.0,901
795,820.0,2015-01-30,883.0,281,10,-74.0,897
796,821.0,2015-01-31,884.0,282,10,-71.0,897
797,819.0,2015-02-01,885.0,282,10,-71.0,895
798,823.0,2015-02-02,886.0,283,10,-73.0,894
799,822.0,2015-02-03,887.0,284,10,-73.0,897
800,824.0,2015-02-04,888.0,284,10,-70.0,896
801,825.0,2015-02-05,889.0,285,10,-70.0,895
802,826.0,2015-02-06,890.0,286,10,-72.0,892
803,827.0,2015-02-07,891.0,286,10,-72.0,892
804,828.0,2015-02-08,892.0,287,10,-71.0,892
805,829.0,2015-02-09,893.0,287,10,-72.0,890
806,830.0,2015-02-10,894.0,288,10,-75.0,891
807,831.0,2015-02-11,895.0,289,10,-72.0,889
808,833.0,2015-02-12,896.0,289,10,-70.0,888
809,832.0,2015-02-13,897.0,290,10,-72.0,884
810,834.0,2015-02-14,898.0,291,10,-72.0,883
811,835.0,2015-02-15,899.0,291,10,-75.0,881
812,836.0,2015-02-16,900.0,292,10,-70.0,883
813,837.0,2015-02-17,901.0,292,10,-71.0,885
814,838.0,2015-02-18,902.0,293,10,-68.0,883
815,839.0,2015-02-19,903.0,294,10,-71.0,882
816,841.0,2015-02-20,904.0,294,10,-71.0,878
817,840.0,2015-02-21,905.0,295,10,-71.0,880
818,843.0,2015-02-22,906.0,296,10,-76.0,878
819,842.0,2015-02-24,907.0,296,10,-75.0,879
820,844.0,2015-02-25,908.0,297,10,-71.0,883
821,845.0,2015-02-26,909.0,297,10,-70.0,878
822,847.0,2015-02-27,910.0,298,10,-73.0,878
823,846.0,2015-02-28,911.0,299,10,-70.0,874
824,849.0,2015-03-01,912.0,299,10,-75.0,875
825,848.0,2015-03-02,913.0,300,11,-71.0,871
826,850.0,2015-03-03,914.0,300,11,-71.0,874
827,851.0,2015-03-04,915.0,301,11,-71.0,878
828,852.0,2015-03-05,916.0,302,11,-71.0,872
829,854.0,2015-03-06,917.0,302,11,-76.0,871
830,853.0,2015-03-07,918.0,303,11,-71.0,867
831,855.0,2015-03-08,919.0,304,11,-74.0,870
832,856.0,2015-03-09,920.0,304,11,-72.0,868
833,857.0,2015-03-10,921.0,305,11,-70.0,867
834,858.0,2015-03-11,922.0,305,11,-73.0,870
835,859.0,2015-03-12,923.0,306,11,-72.0,867
836,861.0,2015-03-13,924.0,307,11,-74.0,867
837,860.0,2015-03-14,925.0,307,11,-71.0,862
838,862.0,2015-03-15,926.0,308,11,-76.0,864
839,863.0,2015-03-16,927.0,308,11,-76.0,862
840,864.0,2015-03-17,928.0,309,11,-72.0,862
841,865.0,2015-03-18,929.0,310,11,-75.0,866
842,868.0,2015-03-19,930.0,310,11,-75.0,865
843,867.0,2015-03-20,931.0,311,11,-69.0,864
844,866.0,2015-03-21,932.0,311,11,-71.0,859
845,869.0,2015-03-22,933.0,312,11,-71.0,863
846,870.0,2015-03-23,934.0,313,11,-73.0,858
847,872.0,2015-03-24,935.0,313,11,-75.0,862
848,871.0,2015-03-25,936.0,314,11,-72.0,865
849,874.0,2015-03-26,937.0,314,11,-73.0,863
850,876.0,2015-03-29,940.0,316,11,-73.0,861
851,875.0,2015-03-30,941.0,317,11,-74.0,857
852,880.0,2015-03-31,942.0,317,11,-74.0,857
853,877.0,2015-04-02,943.0,318,11,-73.0,854
854,878.0,2015-04-03,944.0,318,11,-70.0,852
855,881.0,2015-04-04,945.0,319,11,-72.0,851
856,879.0,2015-04-05,946.0,320,11,-77.0,850
857,882.0,2015-04-06,947.0,320,11,-70.0,853
858,883.0,2015-04-07,948.0,321,11,-73.0,854
859,884.0,2015-04-08,949.0,321,11,-72.0,851
860,885.0,2015-04-09,950.0,322,11,-73.0,850
861,888.0,2015-04-10,951.0,323,11,-75.0,849
862,886.0,2015-04-11,952.0,323,11,-69.0,847
863,887.0,2015-04-12,953.0,324,11,-71.0,847
864,889.0,2015-04-13,954.0,324,11,-73.0,847
865,892.0,2015-04-17,958.0,327,11,-74.0,848
866,891.0,2015-04-18,959.0,327,11,-78.0,846
867,893.0,2015-04-19,960.0,328,11,-76.0,846
868,895.0,2015-04-20,961.0,328,11,-71.0,849
869,894.0,2015-04-21,962.0,329,11,-73.0,845
870,896.0,2015-04-22,963.0,329,11,-71.0,850
871,897.0,2015-04-23,964.0,330,12,-72.0,847
872,898.0,2015-04-24,965.0,331,12,-75.0,847
873,900.0,2015-04-25,966.0,331,12,-73.0,850
874,899.0,2015-04-26,967.0,332,12,-74.0,844
875,901.0,2015-04-27,968.0,332,12,-71.0,848
876,902.0,2015-04-28,969.0,333,12,-72.0,844
877,903.0,2015-04-29,970.0,333,12,-71.0,849
878,906.0,2015-04-30,971.0,334,12,-71.0,848
879,904.0,2015-05-01,972.0,334,12,-73.0,847
880,905.0,2015-05-02,973.0,335,12,-72.0,844
881,907.0,2015-05-03,974.0,336,12,-73.0,842
882,908.0,2015-05-04,975.0,336,12,-73.0,843
883,909.0,2015-05-05,976.0,337,12,-75.0,842
884,910.0,2015-05-06,977.0,337,12,-75.0,841
885,913.0,2015-05-07,978.0,338,12,-73.0,842
886,912.0,2015-05-09,979.0,338,12,-79.0,841
887,911.0,2015-05-10,980.0,339,12,-73.0,840
888,914.0,2015-05-11,981.0,339,12,-73.0,841
889,917.0,2015-05-12,982.0,340,12,-74.0,840
890,916.0,2015-05-13,983.0,340,12,-76.0,840
891,915.0,2015-05-14,984.0,341,12,-74.0,840
892,918.0,2015-05-15,985.0,342,12,-78.0,840
893,919.0,2015-05-16,986.0,342,12,-74.0,840
894,920.0,2015-05-17,987.0,343,12,-74.0,839
895,922.0,2015-05-18,988.0,343,12,-75.0,840
896,921.0,2015-05-19,989.0,344,12,-74.0,841
897,923.0,2015-05-20,990.0,344,12,-76.0,839
898,926.0,2015-05-21,991.0,345,12,-73.0,840
899,924.0,2015-05-22,992.0,345,12,-73.0,842
900,927.0,2015-05-23,993.0,346,12,-73.0,840
901,925.0,2015-05-24,994.0,346,12,-79.0,842
902,929.0,2015-05-25,995.0,347,12,-74.0,842
903,928.0,2015-05-26,996.0,348,12,-72.0,842
904,930.0,2015-05-27,997.0,348,12,-74.0,843
905,931.0,2015-05-28,998.0,349,12,-73.0,842
906,932.0,2015-05-30,1000.0,350,12,-74.0,841
907,933.0,2015-05-31,1001.0,350,12,-79.0,843
908,936.0,2015-06-01,1002.0,351,12,-77.0,844
909,934.0,2015-06-02,1003.0,351,12,-74.0,843
910,935.0,2015-06-03,1004.0,352,12,-74.0,842
911,939.0,2015-06-04,1005.0,352,12,-75.0,843
912,941.0,2015-06-05,1006.0,353,12,-78.0,844
913,937.0,2015-06-06,1007.0,353,12,-79.0,845
914,940.0,2015-06-07,1008.0,354,12,-79.0,844
915,946.0,2015-06-08,1009.0,354,12,-75.0,845
916,947.0,2015-06-09,1010.0,355,12,-74.0,846
917,948.0,2015-06-10,1011.0,355,12,-78.0,845
918,949.0,2015-06-11,1012.0,356,12,-81.0,846
919,953.0,2015-06-12,1013.0,356,12,-80.0,846
920,950.0,2015-06-13,1014.0,357,12,-77.0,846
921,951.0,2015-06-14,1015.0,357,12,-75.0,847
922,952.0,2015-06-16,1016.0,358,12,-76.0,847
923,955.0,2015-06-17,1017.0,359,12,-78.0,850
924,956.0,2015-06-18,1018.0,359,12,-79.0,850
925,954.0,2015-06-19,1019.0,0,1,-81.0,849
926,938.0,2015-06-20,1020.0,0,1,-63.0,832
927,942.0,2015-06-21,1021.0,1,1,-76.0,850
928,944.0,2015-06-22,1022.0,1,1,-75.0,852
929,943.0,2015-06-23,1023.0,2,1,-76.0,851
930,945.0,2015-06-24,1024.0,2,1,-76.0,851
931,958.0,2015-06-25,1025.0,3,1,-74.0,851
932,957.0,2015-06-26,1026.0,3,1,-78.0,851
933,960.0,2015-06-28,1028.0,4,1,-75.0,853
934,959.0,2015-06-29,1029.0,5,1,-75.0,856
935,961.0,2015-06-30,1030.0,5,1,-77.0,855
936,963.0,2015-07-01,1031.0,6,1,-76.0,854
937,962.0,2015-07-02,1032.0,6,1,-74.0,854
938,965.0,2015-07-03,1033.0,7,1,-77.0,856
939,964.0,2015-07-04,1034.0,7,1,-76.0,859
940,966.0,2015-07-05,1035.0,8,1,-77.0,857
941,967.0,2015-07-06,1036.0,8,1,-76.0,856
942,968.0,2015-07-07,1037.0,9,1,-80.0,856
943,969.0,2015-07-08,1038.0,9,1,-76.0,858
944,970.0,2015-07-09,1039.0,10,1,-77.0,857
945,972.0,2015-07-10,1040.0,10,1,-77.0,858
946,971.0,2015-07-11,1041.0,11,1,-77.0,859
947,973.0,2015-07-12,1042.0,11,1,-76.0,859
948,974.0,2015-07-13,1043.0,12,1,-77.0,860
949,975.0,2015-07-14,1044.0,12,1,-79.0,860
950,978.0,2015-07-15,1045.0,13,1,-80.0,861
951,979.0,2015-07-16,1046.0,13,1,-77.0,862
952,977.0,2015-07-17,1047.0,14,1,-77.0,863
953,976.0,2015-07-18,1048.0,14,1,-78.0,864
954,980.0,2015-07-19,1049.0,15,1,-75.0,864
955,981.0,2015-07-20,1050.0,15,1,-76.0,863
956,983.0,2015-07-21,1051.0,16,1,-76.0,864
957,982.0,2015-07-23,1052.0,16,1,-78.0,865
958,984.0,2015-07-24,1053.0,17,1,-79.0,865
959,985.0,2015-07-25,1054.0,17,1,-77.0,867
960,987.0,2015-07-26,1055.0,17,1,-77.0,868
961,986.0,2015-07-27,1056.0,18,1,-76.0,868
962,988.0,2015-07-28,1057.0,18,1,-78.0,867
963,989.0,2015-07-29,1058.0,19,1,-78.0,868
964,990.0,2015-07-30,1059.0,19,1,-78.0,870
965,992.0,2015-07-31,1060.0,20,1,-78.0,870
966,993.0,2015-08-01,1061.0,20,1,-77.0,871
967,991.0,2015-08-02,1062.0,21,1,-77.0,871
968,994.0,2015-08-03,1063.0,21,1,-79.0,871
969,996.0,2015-08-04,1064.0,22,1,-77.0,871
970,995.0,2015-08-05,1065.0,22,1,-78.0,873
971,997.0,2015-08-06,1066.0,23,1,-78.0,875
972,998.0,2015-08-07,1067.0,23,1,-79.0,875
973,1000.0,2015-08-08,1068.0,24,1,-76.0,874
974,999.0,2015-08-09,1069.0,24,1,-77.0,876
975,1001.0,2015-08-10,1070.0,25,1,-80.0,877
976,1002.0,2015-08-11,1071.0,25,1,-78.0,878
977,1003.0,2015-08-12,1072.0,26,1,-78.0,879
978,1004.0,2015-08-13,1073.0,26,1,-82.0,879
979,1005.0,2015-08-14,1074.0,27,1,-77.0,878
980,1006.0,2015-08-15,1075.0,27,1,-77.0,879
981,1007.0,2015-08-16,1076.0,28,1,-81.0,880
982,1008.0,2015-08-17,1077.0,28,1,-79.0,880
983,1009.0,2015-08-18,1078.0,29,1,-80.0,881
984,1010.0,2015-08-19,1079.0,29,1,-80.0,882
985,1013.0,2015-08-20,1080.0,29,1,-77.0,882
986,1011.0,2015-08-21,1081.0,30,2,-77.0,882
987,1012.0,2015-08-22,1082.0,30,2,-79.0,882
988,1014.0,2015-08-23,1083.0,31,2,-80.0,883
989,1015.0,2015-08-24,1084.0,31,2,-78.0,885
990,1017.0,2015-08-25,1085.0,32,2,-79.0,886
991,1016.0,2015-08-26,1086.0,32,2,-77.0,885
992,1019.0,2015-08-27,1087.0,33,2,-78.0,885
993,1020.0,2015-08-29,1088.0,33,2,-77.0,885
994,1018.0,2015-08-30,1089.0,34,2,-76.0,885
995,1021.0,2015-08-31,1090.0,34,2,-78.0,886
996,1022.0,2015-09-01,1091.0,35,2,-77.0,886
997,1023.0,2015-09-02,1092.0,35,2,-79.0,886
998,1024.0,2015-09-03,1093.0,36,2,-77.0,887
999,1026.0,2015-09-04,1094.0,36,2,-80.0,888
1000,1027.0,2015-09-05,1095.0,36,2,-79.0,888
1001,1025.0,2015-09-06,1096.0,37,2,-79.0,888
1002,1028.0,2015-09-07,1097.0,37,2,-78.0,889
1003,1029.0,2015-09-08,1098.0,38,2,-77.0,890
1004,1030.0,2015-09-09,1099.0,38,2,-78.0,891
1005,1031.0,2015-09-10,1100.0,39,2,-79.0,890
1006,1034.0,2015-09-11,1101.0,39,2,-80.0,891
1007,1032.0,2015-09-12,1102.0,40,2,-84.0,892
1008,1033.0,2015-09-13,1103.0,40,2,-81.0,893
1009,1035.0,2015-09-14,1104.0,41,2,-79.0,893
1010,1036.0,2015-09-15,1105.0,41,2,-78.0,892
1011,1037.0,2015-09-16,1106.0,42,2,-82.0,893
1012,1040.0,2015-09-17,1107.0,42,2,-79.0,893
1013,1038.0,2015-09-18,1108.0,42,2,-78.0,895
1014,1039.0,2015-09-19,1109.0,43,2,-82.0,895
1015,1041.0,2015-09-20,1110.0,43,2,-81.0,895
1016,1042.0,2015-09-21,1111.0,44,2,-79.0,896
1017,1043.0,2015-09-22,1112.0,44,2,-80.0,895
1018,1044.0,2015-09-23,1113.0,45,2,-79.0,895
1019,1045.0,2015-09-24,1114.0,45,2,-79.0,896
1020,1047.0,2015-09-25,1115.0,46,2,-80.0,897
1021,1046.0,2015-09-26,1116.0,46,2,-79.0,898
1022,1048.0,2015-09-27,1117.0,47,2,-79.0,898
1023,1049.0,2015-09-28,1118.0,47,2,-80.0,898
1024,1050.0,2015-09-29,1119.0,48,2,-81.0,899
1025,1051.0,2015-09-30,1120.0,48,2,-80.0,900
1026,1052.0,2015-10-01,1121.0,48,2,-81.0,901
1027,1053.0,2015-10-02,1122.0,49,2,-79.0,901
1028,1054.0,2015-10-03,1123.0,49,2,-79.0,900
1029,1055.0,2015-10-04,1124.0,50,2,-80.0,900
1030,1056.0,2015-10-06,1125.0,50,2,-79.0,900
1031,1057.0,2015-10-07,1126.0,51,2,-79.0,901
1032,1058.0,2015-10-08,1127.0,51,2,-80.0,901
1033,1059.0,2015-10-09,1128.0,52,2,-79.0,902
1034,1060.0,2015-10-10,1129.0,52,2,-80.0,902
1035,1061.0,2015-10-11,1130.0,53,2,-81.0,902
1036,1062.0,2015-10-12,1131.0,53,2,-81.0,902
1037,1063.0,2015-10-13,1132.0,53,2,-82.0,902
1038,1064.0,2015-10-14,1133.0,54,2,-82.0,902
1039,1065.0,2015-10-15,1134.0,54,2,-80.0,902
1040,1069.0,2015-10-16,1135.0,55,2,-81.0,901
1041,1066.0,2015-10-17,1136.0,55,2,-82.0,901
1042,1068.0,2015-10-18,1137.0,56,2,-81.0,901
1043,1067.0,2015-10-19,1138.0,56,2,-82.0,901
1044,1070.0,2015-10-20,1139.0,57,2,-80.0,901
1045,1071.0,2015-10-21,1140.0,57,2,-81.0,901
1046,1072.0,2015-10-22,1141.0,57,2,-82.0,902
1047,1073.0,2015-10-23,1142.0,58,2,-82.0,902
1048,1074.0,2015-10-24,1143.0,58,2,-82.0,901
1049,1075.0,2015-10-25,1144.0,59,2,-82.0,902
1050,1076.0,2015-10-26,1145.0,59,2,-82.0,903
1051,1077.0,2015-10-27,1146.0,60,3,-82.0,902
1052,1078.0,2015-10-28,1147.0,60,3,-80.0,901
1053,1080.0,2015-10-29,1148.0,61,3,-80.0,901
1054,1079.0,2015-10-30,1149.0,61,3,-81.0,902
1055,1081.0,2015-10-31,1150.0,62,3,-82.0,902
1056,1082.0,2015-11-01,1151.0,62,3,-82.0,901
1057,1086.0,2015-11-02,1152.0,62,3,-80.0,901
1058,1083.0,2015-11-03,1153.0,63,3,-82.0,900
1059,1088.0,2015-11-04,1154.0,63,3,-84.0,900
1060,1084.0,2015-11-05,1155.0,64,3,-84.0,900
1061,1085.0,2015-11-06,1156.0,64,3,-84.0,900
1062,1087.0,2015-11-07,1157.0,65,3,-82.0,900
1063,1089.0,2015-11-08,1158.0,65,3,-82.0,898
1064,1090.0,2015-11-09,1159.0,66,3,-82.0,898
1065,1091.0,2015-11-10,1160.0,66,3,-80.0,899
1066,1092.0,2015-11-12,1161.0,66,3,-83.0,898
1067,1093.0,2015-11-13,1162.0,67,3,-84.0,897
1068,1094.0,2015-11-14,1163.0,67,3,-86.0,896
1069,1095.0,2015-11-15,1164.0,68,3,-86.0,896
1070,1096.0,2015-11-16,1165.0,68,3,-84.0,897
1071,1097.0,2015-11-17,1166.0,69,3,-84.0,895
1072,1098.0,2015-11-18,1167.0,69,3,-84.0,894
1073,1102.0,2015-11-19,1168.0,70,3,-84.0,894
1074,1100.0,2015-11-20,1169.0,70,3,-89.0,894
1075,1101.0,2015-11-21,1170.0,71,3,-85.0,893
1076,1099.0,2015-11-22,1171.0,71,3,-87.0,892
1077,1104.0,2015-11-23,1172.0,71,3,-87.0,892
1078,1103.0,2015-11-24,1173.0,72,3,-87.0,892
1079,1105.0,2015-11-25,1174.0,72,3,-85.0,891
1080,1106.0,2015-11-26,1175.0,73,3,-85.0,890
1081,1107.0,2015-11-27,1176.0,73,3,-84.0,890
1082,1108.0,2015-11-28,1177.0,74,3,-84.0,888
1083,1109.0,2015-11-29,1178.0,74,3,-86.0,888
1084,1110.0,2015-11-30,1179.0,75,3,-85.0,887
1085,1111.0,2015-12-01,1180.0,75,3,-86.0,886
1086,1112.0,2015-12-02,1181.0,75,3,-86.0,885
1087,1114.0,2015-12-03,1182.0,76,3,-85.0,884
1088,1113.0,2015-12-04,1183.0,76,3,-86.0,883
1089,1115.0,2015-12-05,1184.0,77,3,-85.0,882
1090,1116.0,2015-12-06,1185.0,77,3,-84.0,881
1091,1117.0,2015-12-07,1186.0,78,3,-86.0,881
1092,1118.0,2015-12-08,1187.0,78,3,-84.0,881
1093,1119.0,2015-12-09,1188.0,79,3,-90.0,881
1094,1120.0,2015-12-10,1189.0,79,3,-87.0,879
1095,1121.0,2015-12-11,1190.0,79,3,-87.0,877
1096,1122.0,2015-12-12,1191.0,80,3,-87.0,876
1097,1123.0,2015-12-13,1192.0,80,3,-86.0,876
1098,1124.0,2015-12-14,1193.0,81,3,-84.0,875
1099,1125.0,2015-12-15,1194.0,81,3,-84.0,873
1100,1126.0,2015-12-16,1195.0,82,3,-86.0,872
1101,1129.0,2015-12-17,1196.0,82,3,-86.0,871
1102,1127.0,2015-12-18,1197.0,83,3,-85.0,869
1103,1128.0,2015-12-20,1198.0,83,3,-86.0,868
1104,1130.0,2015-12-21,1199.0,84,3,-86.0,868
1105,1131.0,2015-12-22,1200.0,84,3,-84.0,866
1106,1132.0,2015-12-23,1201.0,84,3,-85.0,866
1107,1133.0,2015-12-24,1202.0,85,3,-85.0,864
1108,1136.0,2015-12-25,1203.0,85,3,-85.0,863
1109,1135.0,2015-12-26,1204.0,86,3,-84.0,862
1110,1134.0,2015-12-27,1205.0,86,3,-86.0,861
1111,1137.0,2015-12-28,1206.0,87,3,-85.0,859
1112,1138.0,2015-12-29,1207.0,87,3,-85.0,858
1113,1139.0,2015-12-30,1208.0,88,3,-85.0,857
1114,1141.0,2015-12-31,1209.0,88,3,-85.0,855
1115,1140.0,2016-01-01,1210.0,88,3,-85.0,854
1116,1142.0,2016-01-02,1211.0,89,3,-83.0,853
1117,1143.0,2016-01-03,1212.0,89,3,-86.0,851
1118,1145.0,2016-01-04,1213.0,90,4,-84.0,851
1119,1144.0,2016-01-05,1214.0,90,4,-85.0,849
1120,1146.0,2016-01-06,1215.0,91,4,-85.0,848
1121,1147.0,2016-01-07,1216.0,91,4,-86.0,847
1122,1148.0,2016-01-08,1217.0,92,4,-88.0,846
1123,1149.0,2016-01-09,1218.0,92,4,-86.0,845
1124,1150.0,2016-01-10,1219.0,93,4,-87.0,844
1125,1151.0,2016-01-11,1220.0,93,4,-87.0,842
1126,1152.0,2016-01-12,1221.0,93,4,-87.0,841
1127,1153.0,2016-01-13,1222.0,94,4,-87.0,840
1128,1155.0,2016-01-14,1223.0,94,4,-88.0,839
1129,1154.0,2016-01-15,1224.0,95,4,-88.0,837
1130,1156.0,2016-01-16,1225.0,95,4,-87.0,836
1131,1157.0,2016-01-17,1226.0,96,4,-87.0,835
1132,1158.0,2016-01-18,1227.0,96,4,-88.0,833
1133,1159.0,2016-01-19,1228.0,97,4,-88.0,832
1134,1160.0,2016-01-20,1229.0,97,4,-88.0,831
1135,1161.0,2016-01-21,1230.0,98,4,-88.0,830
1136,1162.0,2016-01-22,1231.0,98,4,-88.0,828
1137,1163.0,2016-01-23,1232.0,99,4,-88.0,827
1138,1164.0,2016-01-24,1233.0,99,4,-88.0,826
1139,1166.0,2016-01-26,1234.0,99,4,-88.0,824
1140,1165.0,2016-01-27,1235.0,100,4,-88.0,824
1141,1170.0,2016-01-28,1236.0,100,4,-87.0,822
1142,1169.0,2016-01-29,1237.0,101,4,-88.0,820
1143,1167.0,2016-01-30,1238.0,101,4,-87.0,819
1144,1168.0,2016-01-31,1239.0,102,4,-89.0,818
1145,1171.0,2016-02-01,1240.0,102,4,-87.0,816
1146,1172.0,2016-02-02,1241.0,103,4,-87.0,816
1147,1173.0,2016-02-03,1242.0,103,4,-87.0,815
1148,1174.0,2016-02-04,1243.0,104,4,-86.0,814
1149,1175.0,2016-02-05,1244.0,104,4,-85.0,812
1150,1176.0,2016-02-06,1245.0,105,4,-86.0,811
1151,1178.0,2016-02-07,1246.0,105,4,-85.0,810
1152,1177.0,2016-02-08,1247.0,105,4,-85.0,809
1153,1179.0,2016-02-09,1248.0,106,4,-86.0,807
1154,1180.0,2016-02-10,1249.0,106,4,-85.0,806
1155,1182.0,2016-02-11,1250.0,107,4,-85.0,804
1156,1185.0,2016-02-12,1251.0,107,4,-85.0,803
1157,1184.0,2016-02-13,1252.0,108,4,-85.0,802
1158,1181.0,2016-02-14,1253.0,108,4,-85.0,800
1159,1183.0,2016-02-15,1254.0,109,4,-84.0,799
1160,1187.0,2016-02-16,1255.0,109,4,-84.0,798
1161,1186.0,2016-02-17,1256.0,110,4,-84.0,797
1162,1188.0,2016-02-18,1257.0,110,4,-84.0,794
1163,1189.0,2016-02-19,1258.0,111,4,-83.0,794
1164,1190.0,2016-02-20,1259.0,111,4,-84.0,794
1165,1191.0,2016-02-21,1260.0,112,4,-83.0,792
1166,1192.0,2016-02-22,1261.0,112,4,-81.0,790
1167,1193.0,2016-02-23,1262.0,112,4,-81.0,790
1168,1194.0,2016-02-24,1263.0,113,4,-84.0,788
1169,1195.0,2016-02-25,1264.0,113,4,-84.0,787
1170,1197.0,2016-02-26,1265.0,114,4,-81.0,787
1171,1196.0,2016-02-27,1266.0,114,4,-82.0,787
1172,1198.0,2016-02-28,1267.0,115,4,-83.0,786
1173,1199.0,2016-02-29,1268.0,115,4,-83.0,784
1174,1201.0,2016-03-01,1269.0,116,4,-83.0,782
1175,1200.0,2016-03-03,1270.0,116,4,-82.0,782
1176,1202.0,2016-03-04,1271.0,117,4,-84.0,781
1177,1203.0,2016-03-05,1272.0,117,4,-81.0,780
1178,1204.0,2016-03-06,1273.0,118,4,-79.0,778
1179,1205.0,2016-03-07,1274.0,118,4,-82.0,777
1180,1206.0,2016-03-08,1275.0,119,4,-82.0,775
1181,1207.0,2016-03-09,1276.0,119,4,-83.0,774
1182,1208.0,2016-03-10,1277.0,120,5,-84.0,774
1183,1210.0,2016-03-11,1278.0,120,5,-83.0,773
1184,1209.0,2016-03-12,1279.0,121,5,-83.0,772
1185,1211.0,2016-03-13,1280.0,121,5,-84.0,771
1186,1212.0,2016-03-14,1281.0,122,5,-83.0,769
1187,1213.0,2016-03-15,1282.0,122,5,-81.0,768
1188,1214.0,2016-03-16,1283.0,123,5,-82.0,767
1189,1216.0,2016-03-17,1284.0,123,5,-80.0,767
1190,1217.0,2016-03-18,1285.0,123,5,-80.0,766
1191,1215.0,2016-03-19,1286.0,124,5,-80.0,765
1192,1218.0,2016-03-20,1287.0,124,5,-80.0,764
1193,1219.0,2016-03-21,1288.0,125,5,-80.0,763
1194,1220.0,2016-03-24,1291.0,126,5,-80.0,760
1195,1222.0,2016-03-25,1292.0,127,5,-81.0,760
1196,1221.0,2016-03-26,1293.0,127,5,-81.0,758
1197,1223.0,2016-03-27,1294.0,128,5,-79.0,758
1198,1224.0,2016-03-28,1295.0,128,5,-79.0,757
1199,1226.0,2016-03-29,1296.0,129,5,-79.0,756
1200,1225.0,2016-03-30,1297.0,129,5,-80.0,755
1201,1229.0,2016-03-31,1298.0,130,5,-79.0,755
1202,1228.0,2016-04-01,1299.0,130,5,-80.0,753
1203,1227.0,2016-04-02,1300.0,131,5,-79.0,752
1204,1230.0,2016-04-03,1301.0,131,5,-78.0,752
1205,1231.0,2016-04-04,1302.0,132,5,-80.0,751
1206,1232.0,2016-04-05,1303.0,132,5,-78.0,751
1207,1233.0,2016-04-06,1304.0,133,5,-80.0,750
1208,1235.0,2016-04-07,1305.0,133,5,-80.0,749
1209,1234.0,2016-04-08,1306.0,134,5,-79.0,748
1210,1236.0,2016-04-10,1307.0,134,5,-80.0,748
1211,1237.0,2016-04-11,1308.0,135,5,-81.0,748
1212,1238.0,2016-04-12,1309.0,135,5,-81.0,747
1213,1239.0,2016-04-13,1310.0,136,5,-76.0,745
1214,1240.0,2016-04-14,1311.0,136,5,-78.0,745
1215,1243.0,2016-04-15,1312.0,137,5,-77.0,745
1216,1241.0,2016-04-16,1313.0,137,5,-77.0,745
1217,1242.0,2016-04-17,1314.0,138,5,-78.0,744
1218,1244.0,2016-04-18,1315.0,138,5,-77.0,744
1219,1245.0,2016-04-19,1316.0,139,5,-80.0,744
1220,1246.0,2016-04-20,1317.0,139,5,-80.0,743
1221,1247.0,2016-04-21,1318.0,140,5,-80.0,743
1222,1248.0,2016-04-22,1319.0,140,5,-78.0,742
1223,1250.0,2016-04-23,1320.0,141,5,-77.0,741
1224,1249.0,2016-04-24,1321.0,141,5,-77.0,740
1225,1251.0,2016-04-25,1322.0,142,5,-78.0,740
1226,1252.0,2016-04-26,1323.0,142,5,-77.0,738
1227,1253.0,2016-04-27,1324.0,143,5,-78.0,738
1228,1256.0,2016-04-28,1325.0,144,5,-78.0,738
1229,1254.0,2016-04-29,1326.0,144,5,-77.0,738
1230,1255.0,2016-04-30,1327.0,145,5,-76.0,736
1231,1257.0,2016-05-01,1328.0,145,5,-77.0,735
1232,1258.0,2016-05-02,1329.0,146,5,-74.0,735
1233,1259.0,2016-05-03,1330.0,146,5,-78.0,734
1234,1260.0,2016-05-04,1331.0,147,5,-76.0,734
1235,1262.0,2016-05-05,1332.0,147,5,-78.0,734
1236,1263.0,2016-05-06,1333.0,148,5,-76.0,733
1237,1261.0,2016-05-07,1334.0,148,5,-77.0,732
1238,1264.0,2016-05-08,1335.0,149,5,-77.0,732
1239,1265.0,2016-05-09,1336.0,149,5,-75.0,732
1240,1266.0,2016-05-10,1337.0,150,6,-76.0,734
1241,1267.0,2016-05-11,1338.0,150,6,-75.0,734
1242,1268.0,2016-05-12,1339.0,151,6,-77.0,733
1243,1269.0,2016-05-13,1340.0,151,6,-76.0,734
1244,1270.0,2016-05-14,1341.0,152,6,-76.0,735
1245,1271.0,2016-05-15,1342.0,152,6,-80.0,735
1246,1272.0,2016-05-17,1343.0,153,6,-74.0,735
1247,1273.0,2016-05-18,1344.0,153,6,-75.0,734
1248,1276.0,2016-05-19,1345.0,154,6,-75.0,735
1249,1274.0,2016-05-20,1346.0,155,6,-75.0,737
1250,1277.0,2016-05-21,1347.0,155,6,-75.0,736
1251,1275.0,2016-05-22,1348.0,156,6,-76.0,735
1252,1278.0,2016-05-23,1349.0,156,6,-73.0,737
1253,1279.0,2016-05-24,1350.0,157,6,-73.0,738
1254,1280.0,2016-05-25,1351.0,157,6,-72.0,739
1255,1283.0,2016-05-26,1352.0,158,6,-73.0,736
1256,1281.0,2016-05-27,1353.0,158,6,-76.0,737
1257,1282.0,2016-05-28,1354.0,159,6,-75.0,739
1258,1284.0,2016-05-29,1355.0,159,6,-75.0,740
1259,1286.0,2016-05-30,1356.0,160,6,-74.0,739
1260,1285.0,2016-05-31,1357.0,160,6,-72.0,738
1261,1287.0,2016-06-01,1358.0,161,6,-74.0,738
1262,1288.0,2016-06-02,1359.0,162,6,-76.0,739
1263,1289.0,2016-06-03,1360.0,162,6,-76.0,739
1264,1290.0,2016-06-04,1361.0,163,6,-75.0,739
1265,1291.0,2016-06-05,1362.0,163,6,-74.0,739
1266,1292.0,2016-06-06,1363.0,164,6,-75.0,740
1267,1293.0,2016-06-07,1364.0,164,6,-74.0,740
1268,1294.0,2016-06-08,1365.0,165,6,-74.0,739
1269,1295.0,2016-06-09,1366.0,165,6,-75.0,740
1270,1296.0,2016-06-10,1367.0,166,6,-74.0,743
1271,1297.0,2016-06-11,1368.0,167,6,-74.0,743
1272,1299.0,2016-06-12,1369.0,167,6,-73.0,742
1273,1298.0,2016-06-13,1370.0,168,6,-74.0,744
1274,1301.0,2016-06-14,1371.0,168,6,-75.0,746
1275,1300.0,2016-06-15,1372.0,169,6,-74.0,745
1276,1303.0,2016-06-16,1373.0,169,6,-74.0,746
1277,1302.0,2016-06-17,1374.0,170,6,-75.0,748
1278,1304.0,2016-06-18,1375.0,170,6,-73.0,749
1279,1305.0,2016-06-19,1376.0,171,6,-75.0,749
1280,1306.0,2016-06-20,1377.0,172,6,-76.0,749
1281,1308.0,2016-06-21,1378.0,172,6,-76.0,751
1282,1307.0,2016-06-23,1379.0,173,6,-77.0,751
1283,1311.0,2016-06-24,1380.0,173,6,-74.0,751
1284,1309.0,2016-06-25,1381.0,174,6,-73.0,751
1285,1310.0,2016-06-26,1382.0,174,6,-76.0,752
1286,1312.0,2016-06-27,1383.0,175,6,-73.0,752
1287,1313.0,2016-06-28,1384.0,176,6,-74.0,753
1288,1314.0,2016-06-29,1385.0,176,6,-75.0,755
1289,1315.0,2016-06-30,1386.0,177,6,-74.0,755
1290,1316.0,2016-07-01,1387.0,177,6,-74.0,755
1291,1317.0,2016-07-02,1388.0,178,6,-73.0,756
1292,1318.0,2016-07-12,1398.0,184,7,-66.0,751
1293,1319.0,2016-07-13,1399.0,184,7,-73.0,770
1294,1322.0,2016-07-14,1400.0,185,7,-73.0,770
1295,1321.0,2016-07-15,1401.0,185,7,-73.0,770
1296,1320.0,2016-07-16,1402.0,186,7,-75.0,771
1297,1323.0,2016-07-17,1403.0,187,7,-75.0,771
1298,1324.0,2016-07-18,1404.0,187,7,-75.0,774
1299,1325.0,2016-07-19,1405.0,188,7,-75.0,775
1300,1328.0,2016-07-20,1406.0,188,7,-76.0,775
1301,1329.0,2016-07-21,1407.0,189,7,-74.0,779
1302,1327.0,2016-07-22,1408.0,190,7,-75.0,779
1303,1326.0,2016-07-23,1409.0,190,7,-74.0,781
1304,1330.0,2016-07-24,1410.0,191,7,-72.0,782
1305,1331.0,2016-07-25,1411.0,191,7,-72.0,782
1306,1333.0,2016-07-26,1412.0,192,7,-78.0,784
1307,1332.0,2016-07-27,1413.0,193,7,-72.0,784
1308,1336.0,2016-07-28,1414.0,193,7,-73.0,785
1309,1334.0,2016-07-29,1415.0,194,7,-72.0,787
1310,1335.0,2016-07-31,1416.0,194,7,-72.0,791
1311,1337.0,2016-08-01,1417.0,195,7,-70.0,791
1312,1338.0,2016-08-02,1418.0,196,7,-73.0,793
1313,1339.0,2016-08-03,1419.0,196,7,-73.0,793
1314,1340.0,2016-08-04,1420.0,197,7,-71.0,793
1315,1343.0,2016-08-05,1421.0,197,7,-72.0,797
1316,1342.0,2016-08-06,1422.0,198,7,-72.0,798
1317,1341.0,2016-08-07,1423.0,199,7,-71.0,800
1318,1344.0,2016-08-08,1424.0,199,7,-72.0,803
1319,1345.0,2016-08-09,1425.0,200,7,-72.0,804
1320,1346.0,2016-08-10,1426.0,200,7,-71.0,803
1321,1347.0,2016-08-11,1427.0,201,7,-72.0,807
1322,1348.0,2016-08-12,1428.0,202,7,-72.0,808
1323,1349.0,2016-08-13,1429.0,202,7,-70.0,810
1324,1351.0,2016-08-14,1430.0,203,7,-69.0,810
1325,1350.0,2016-08-15,1431.0,204,7,-69.0,811
1326,1352.0,2016-08-16,1432.0,204,7,-71.0,813
1327,1353.0,2016-08-17,1433.0,205,7,-70.0,818
1328,1356.0,2016-08-18,1434.0,205,7,-70.0,818
1329,1355.0,2016-08-19,1435.0,206,7,-71.0,823
1330,1354.0,2016-08-20,1436.0,207,7,-72.0,825
1331,1357.0,2016-08-21,1437.0,207,7,-71.0,821
1332,1358.0,2016-08-22,1438.0,208,7,-68.0,823
1333,1360.0,2016-08-23,1439.0,208,7,-71.0,828
1334,1359.0,2016-08-24,1440.0,209,7,-70.0,828
1335,1361.0,2016-08-25,1441.0,210,8,-74.0,828
1336,1362.0,2016-08-26,1442.0,210,8,-68.0,829
1337,1363.0,2016-08-27,1443.0,211,8,-69.0,831
1338,1364.0,2016-08-28,1444.0,212,8,-69.0,833
1339,1365.0,2016-08-29,1445.0,212,8,-69.0,836
1340,1366.0,2016-08-30,1446.0,213,8,-70.0,841
1341,1367.0,2016-08-31,1447.0,214,8,-74.0,841
1342,1369.0,2016-09-01,1448.0,214,8,-69.0,841
1343,1368.0,2016-09-02,1449.0,215,8,-71.0,841
1344,1370.0,2016-09-03,1450.0,215,8,-69.0,842
1345,1371.0,2016-09-04,1451.0,216,8,-71.0,842
1346,1373.0,2016-09-06,1452.0,217,8,-74.0,845
1347,1372.0,2016-09-07,1453.0,217,8,-73.0,850
1348,1374.0,2016-09-08,1454.0,218,8,-69.0,854
1349,1377.0,2016-09-09,1455.0,219,8,-70.0,858
1350,1376.0,2016-09-10,1456.0,219,8,-69.0,859
1351,1375.0,2016-09-11,1457.0,220,8,-69.0,860
1352,1378.0,2016-09-12,1458.0,220,8,-69.0,859
1353,1379.0,2016-09-13,1459.0,221,8,-71.0,861
1354,1380.0,2016-09-14,1460.0,222,8,-70.0,865
1355,1382.0,2016-09-15,1461.0,222,8,-69.0,870
1356,1381.0,2016-09-16,1462.0,223,8,-68.0,871
1357,1383.0,2016-09-17,1463.0,224,8,-68.0,871
1358,1384.0,2016-09-18,1464.0,224,8,-71.0,871
1359,1385.0,2016-09-19,1465.0,225,8,-68.0,870
1360,1386.0,2016-09-20,1466.0,226,8,-67.0,873
1361,1387.0,2016-09-21,1467.0,226,8,-69.0,877
1362,1388.0,2016-09-22,1468.0,227,8,-70.0,879
1363,1389.0,2016-09-23,1469.0,228,8,-72.0,881
1364,1391.0,2016-09-24,1470.0,228,8,-70.0,879
1365,1392.0,2016-09-25,1471.0,229,8,-71.0,880
1366,1390.0,2016-09-26,1472.0,229,8,-68.0,879
1367,1393.0,2016-09-27,1473.0,230,8,-67.0,881
1368,1394.0,2016-09-28,1474.0,231,8,-68.0,889
1369,1396.0,2016-09-29,1475.0,231,8,-72.0,890
1370,1395.0,2016-09-30,1476.0,232,8,-69.0,888
1371,1397.0,2016-10-01,1477.0,233,8,-72.0,888
1372,1399.0,2016-10-02,1478.0,233,8,-68.0,887
1373,1398.0,2016-10-03,1479.0,234,8,-66.0,890
1374,1400.0,2016-10-04,1480.0,235,8,-68.0,893
1375,1401.0,2016-10-05,1481.0,235,8,-70.0,893
1376,1403.0,2016-10-06,1482.0,236,8,-68.0,893
1377,1402.0,2016-10-07,1483.0,237,8,-68.0,892
1378,1404.0,2016-10-08,1484.0,237,8,-68.0,895
1379,1405.0,2016-10-09,1485.0,238,8,-71.0,899
1380,1406.0,2016-10-10,1486.0,239,8,-71.0,901
1381,1407.0,2016-10-11,1487.0,239,8,-68.0,901
1382,1408.0,2016-10-12,1488.0,240,9,-69.0,902
1383,1410.0,2016-10-14,1489.0,240,9,-68.0,903
1384,1411.0,2016-10-15,1490.0,241,9,-66.0,904
1385,1409.0,2016-10-16,1491.0,242,9,-69.0,906
1386,1412.0,2016-10-17,1492.0,242,9,-68.0,910
1387,1413.0,2016-10-18,1493.0,243,9,-70.0,905
1388,1414.0,2016-10-19,1494.0,244,9,-70.0,904
1389,1416.0,2016-10-20,1495.0,244,9,-71.0,903
1390,1415.0,2016-10-21,1496.0,245,9,-72.0,906
1391,1417.0,2016-10-22,1497.0,246,9,-68.0,909
1392,1418.0,2016-10-23,1498.0,246,9,-68.0,907
1393,1419.0,2016-10-24,1499.0,247,9,-69.0,903
1394,1420.0,2016-10-25,1500.0,248,9,-70.0,903
1395,1421.0,2016-10-26,1501.0,248,9,-69.0,903
1396,1422.0,2016-10-27,1502.0,249,9,-69.0,907
1397,1424.0,2016-10-28,1503.0,250,9,-70.0,909
1398,1423.0,2016-10-29,1504.0,250,9,-69.0,910
1399,1425.0,2016-10-30,1505.0,251,9,-69.0,906
1400,1426.0,2016-10-31,1506.0,252,9,-71.0,907
1401,1427.0,2016-11-01,1507.0,252,9,-70.0,907
1402,1428.0,2016-11-02,1508.0,253,9,-70.0,907
1403,1430.0,2016-11-03,1509.0,254,9,-70.0,910
1404,1431.0,2016-11-04,1510.0,254,9,-70.0,908
1405,1429.0,2016-11-05,1511.0,255,9,-77.0,908
1406,1432.0,2016-11-06,1512.0,255,9,-78.0,906
1407,1433.0,2016-11-07,1513.0,256,9,-74.0,907
1408,1434.0,2016-11-08,1514.0,257,9,-73.0,906
1409,1435.0,2016-11-09,1515.0,257,9,-76.0,906
1410,1436.0,2016-11-10,1516.0,258,9,-71.0,909
1411,1437.0,2016-11-11,1517.0,259,9,-76.0,911
1412,1438.0,2016-11-12,1518.0,259,9,-78.0,909
1413,1440.0,2016-11-13,1519.0,260,9,-72.0,906
1414,1439.0,2016-11-14,1520.0,261,9,-73.0,905
1415,1441.0,2016-11-15,1521.0,261,9,-71.0,905
1416,1442.0,2016-11-16,1522.0,262,9,-71.0,905
1417,1443.0,2016-11-17,1523.0,263,9,-77.0,905
1418,1444.0,2016-11-18,1524.0,263,9,-76.0,904
1419,1445.0,2016-11-20,1525.0,264,9,-74.0,902
1420,1446.0,2016-11-21,1526.0,265,9,-72.0,900
1421,1449.0,2016-11-22,1527.0,265,9,-71.0,900
1422,1450.0,2016-11-23,1528.0,266,9,-72.0,898
1423,1451.0,2016-11-24,1529.0,267,9,-73.0,900
1424,1452.0,2016-11-25,1530.0,267,9,-71.0,899
1425,1447.0,2016-11-26,1531.0,268,9,-76.0,900
1426,1448.0,2016-11-27,1532.0,268,9,-72.0,900
1427,1453.0,2016-11-28,1533.0,269,9,-72.0,896
1428,1454.0,2016-11-29,1534.0,270,10,-73.0,898
1429,1455.0,2016-11-30,1535.0,270,10,-73.0,900
1430,1456.0,2016-12-01,1536.0,271,10,-71.0,901
1431,1458.0,2016-12-02,1537.0,272,10,-74.0,900
1432,1457.0,2016-12-03,1538.0,272,10,-73.0,898
1433,1459.0,2016-12-04,1539.0,273,10,-74.0,896
1434,1460.0,2016-12-05,1540.0,274,10,-72.0,896
1435,1461.0,2016-12-06,1541.0,274,10,-76.0,895
1436,1462.0,2016-12-07,1542.0,275,10,-73.0,895
1437,1464.0,2016-12-08,1543.0,276,10,-74.0,896
1438,1463.0,2016-12-09,1544.0,276,10,-71.0,894
1439,1465.0,2016-12-10,1545.0,277,10,-73.0,891
1440,1467.0,2016-12-11,1546.0,277,10,-73.0,889
1441,1466.0,2016-12-12,1547.0,278,10,-75.0,887
1442,1468.0,2016-12-13,1548.0,279,10,-76.0,887
1443,1469.0,2016-12-14,1549.0,279,10,-76.0,887
1444,1472.0,2016-12-15,1550.0,280,10,-71.0,888
1445,1471.0,2016-12-16,1551.0,281,10,-71.0,886
1446,1470.0,2016-12-17,1552.0,281,10,-74.0,886
1447,1474.0,2016-12-18,1553.0,282,10,-77.0,884
1448,1473.0,2016-12-19,1554.0,283,10,-70.0,882
1449,1477.0,2016-12-20,1555.0,283,10,-71.0,883
1450,1478.0,2016-12-21,1556.0,284,10,-72.0,883
1451,1475.0,2016-12-22,1557.0,284,10,-70.0,883
1452,1476.0,2016-12-23,1558.0,285,10,-72.0,880
1453,1484.0,2016-12-24,1559.0,286,10,-76.0,879
1454,1482.0,2016-12-25,1560.0,286,10,-76.0,877
1455,1485.0,2016-12-27,1561.0,287,10,-77.0,877
1456,1479.0,2016-12-28,1562.0,288,10,-73.0,877
1457,1483.0,2016-12-29,1563.0,288,10,-75.0,879
1458,1481.0,2016-12-30,1564.0,289,10,-70.0,877
1459,1480.0,2016-12-31,1565.0,290,10,-72.0,874
1460,1487.0,2017-01-01,1566.0,290,10,-76.0,876
1461,1486.0,2017-01-02,1567.0,291,10,-70.0,872
1462,1488.0,2017-01-03,1568.0,291,10,-71.0,876
1463,1492.0,2017-01-04,1569.0,292,10,-70.0,873
1464,1491.0,2017-01-05,1570.0,293,10,-71.0,873
1465,1490.0,2017-01-06,1571.0,293,10,-70.0,873
1466,1489.0,2017-01-07,1572.0,294,10,-81.0,869
1467,1493.0,2017-01-08,1573.0,295,10,-74.0,872
1468,1495.0,2017-01-09,1574.0,295,10,-72.0,868
1469,1494.0,2017-01-10,1575.0,296,10,-73.0,871
1470,1496.0,2017-01-11,1576.0,296,10,-72.0,869
1471,1498.0,2017-01-12,1577.0,297,10,-72.0,866
1472,1499.0,2017-01-13,1578.0,298,10,-74.0,868
1473,1500.0,2017-01-14,1579.0,298,10,-73.0,862
1474,1497.0,2017-01-15,1580.0,299,10,-72.0,867
1475,1501.0,2017-01-16,1581.0,299,10,-72.0,862
1476,1503.0,2017-01-17,1582.0,300,11,-74.0,862
1477,1502.0,2017-01-18,1583.0,301,11,-75.0,862
1478,1505.0,2017-01-19,1584.0,301,11,-77.0,860
1479,1506.0,2017-01-20,1585.0,302,11,-76.0,864
1480,1504.0,2017-01-21,1586.0,303,11,-72.0,858
1481,1508.0,2017-01-22,1587.0,303,11,-73.0,860
1482,1507.0,2017-01-23,1588.0,304,11,-72.0,858
1483,1510.0,2017-01-24,1589.0,304,11,-72.0,857
1484,1509.0,2017-01-25,1590.0,305,11,-76.0,860
1485,1512.0,2017-01-26,1591.0,306,11,-73.0,852
1486,1511.0,2017-01-27,1592.0,306,11,-71.0,857
1487,1513.0,2017-01-28,1593.0,307,11,-72.0,852
1488,1514.0,2017-01-29,1594.0,307,11,-74.0,855
1489,1515.0,2017-01-30,1595.0,308,11,-71.0,855
1490,1516.0,2017-01-31,1596.0,309,11,-74.0,850
1491,1517.0,2017-02-01,1597.0,309,11,-73.0,855
1492,1519.0,2017-02-03,1598.0,310,11,-70.0,849
1493,1518.0,2017-02-04,1599.0,310,11,-72.0,853
1494,1520.0,2017-02-05,1600.0,311,11,-71.0,850
1495,1522.0,2017-02-06,1601.0,312,11,-71.0,853
1496,1521.0,2017-02-07,1602.0,312,11,-77.0,852
1497,1523.0,2017-02-08,1603.0,313,11,-76.0,847
1498,1524.0,2017-02-09,1604.0,313,11,-77.0,850
1499,1526.0,2017-02-10,1605.0,314,11,-73.0,846
1500,1525.0,2017-02-11,1606.0,315,11,-75.0,850
1501,1528.0,2017-02-12,1607.0,315,11,-77.0,846
1502,1527.0,2017-02-13,1608.0,316,11,-72.0,847
1503,1529.0,2017-02-14,1609.0,316,11,-71.0,847
1504,1534.0,2017-02-18,1613.0,319,11,-72.0,846
1505,1533.0,2017-02-19,1614.0,319,11,-73.0,837
1506,1536.0,2017-02-20,1615.0,320,11,-73.0,842
1507,1535.0,2017-02-21,1616.0,320,11,-73.0,848
1508,1537.0,2017-02-22,1617.0,321,11,-72.0,840
1509,1540.0,2017-02-23,1618.0,322,11,-71.0,845
1510,1538.0,2017-02-24,1619.0,322,11,-73.0,841
1511,1539.0,2017-02-25,1620.0,323,11,-70.0,844
1512,1541.0,2017-02-26,1621.0,323,11,-73.0,842
1513,1542.0,2017-02-27,1622.0,324,11,-71.0,841
1514,1544.0,2017-02-28,1623.0,324,11,-71.0,840
1515,1543.0,2017-03-01,1624.0,325,11,-72.0,837
1516,1546.0,2017-03-02,1625.0,326,11,-71.0,839
1517,1545.0,2017-03-03,1626.0,326,11,-71.0,839
1518,1547.0,2017-03-04,1627.0,327,11,-72.0,838
1519,1549.0,2017-03-05,1628.0,327,11,-71.0,839
1520,1548.0,2017-03-06,1629.0,328,11,-74.0,837
1521,1551.0,2017-03-07,1630.0,328,11,-77.0,838
1522,1550.0,2017-03-08,1631.0,329,11,-77.0,837
1523,1552.0,2017-03-09,1632.0,330,12,-72.0,836
1524,1554.0,2017-03-10,1633.0,330,12,-75.0,834
1525,1553.0,2017-03-12,1634.0,331,12,-72.0,834
1526,1555.0,2017-03-13,1635.0,331,12,-73.0,833
1527,1556.0,2017-03-14,1636.0,332,12,-72.0,834
1528,1557.0,2017-03-15,1637.0,332,12,-73.0,833
1529,1559.0,2017-03-16,1638.0,333,12,-73.0,833
1530,1558.0,2017-03-17,1639.0,334,12,-71.0,832
1531,1561.0,2017-03-18,1640.0,334,12,-72.0,832
1532,1560.0,2017-03-19,1641.0,335,12,-72.0,831
1533,1564.0,2017-03-20,1642.0,335,12,-72.0,829
1534,1563.0,2017-03-21,1643.0,336,12,-74.0,832
1535,1562.0,2017-03-22,1644.0,336,12,-74.0,832
1536,1567.0,2017-03-23,1645.0,337,12,-74.0,832
1537,1565.0,2017-03-24,1646.0,337,12,-74.0,831
1538,1566.0,2017-03-25,1647.0,338,12,-73.0,831
1539,1568.0,2017-03-26,1648.0,339,12,-73.0,830
1540,1569.0,2017-03-27,1649.0,339,12,-74.0,830
1541,1570.0,2017-03-28,1650.0,340,12,-75.0,833
1542,1571.0,2017-03-29,1651.0,340,12,-77.0,833
1543,1572.0,2017-03-30,1652.0,341,12,-76.0,834
1544,1573.0,2017-03-31,1653.0,341,12,-75.0,833
1545,1575.0,2017-04-01,1654.0,342,12,-75.0,829
1546,1574.0,2017-04-02,1655.0,342,12,-76.0,831
1547,1576.0,2017-04-03,1656.0,343,12,-75.0,832
1548,1578.0,2017-04-04,1657.0,343,12,-75.0,836
1549,1577.0,2017-04-05,1658.0,344,12,-77.0,835
1550,1579.0,2017-04-06,1659.0,345,12,-77.0,832
1551,1581.0,2017-04-07,1660.0,345,12,-74.0,832
1552,1580.0,2017-04-08,1661.0,346,12,-75.0,831
1553,1583.0,2017-04-09,1662.0,346,12,-75.0,831
1554,1584.0,2017-04-10,1663.0,347,12,-74.0,832
1555,1586.0,2017-04-11,1664.0,347,12,-74.0,832
1556,1585.0,2017-04-12,1665.0,348,12,-76.0,833
1557,1582.0,2017-04-13,1666.0,348,12,-76.0,834
1558,1588.0,2017-04-14,1667.0,349,12,-76.0,833
1559,1587.0,2017-04-15,1668.0,349,12,-77.0,831
1560,1589.0,2017-04-16,1669.0,350,12,-74.0,833
1561,1590.0,2017-04-18,1670.0,350,12,-76.0,834
1562,1591.0,2017-04-19,1671.0,351,12,-76.0,832
1563,1592.0,2017-04-20,1672.0,351,12,-74.0,833
1564,1594.0,2017-04-21,1673.0,352,12,-75.0,836
1565,1593.0,2017-04-22,1674.0,352,12,-75.0,835
1566,1595.0,2017-04-23,1675.0,353,12,-75.0,835
1567,1596.0,2017-04-24,1676.0,354,12,-76.0,837
1568,1597.0,2017-04-25,1677.0,354,12,-74.0,835
1569,1598.0,2017-04-26,1678.0,355,12,-74.0,836
1570,1599.0,2017-04-27,1679.0,355,12,-75.0,836
1571,1601.0,2017-04-28,1680.0,356,12,-74.0,835
1572,1602.0,2017-04-29,1681.0,356,12,-74.0,837
1573,1603.0,2017-04-30,1682.0,357,12,-76.0,839
1574,1600.0,2017-05-01,1683.0,357,12,-75.0,837
1575,1604.0,2017-05-02,1684.0,358,12,-75.0,837
1576,1605.0,2017-05-03,1685.0,358,12,-77.0,838
1577,1607.0,2017-05-04,1686.0,359,12,-75.0,838
1578,1608.0,2017-05-05,1687.0,359,12,-75.0,838
1579,1606.0,2017-05-06,1688.0,0,1,-76.0,840
1580,1610.0,2017-05-07,1689.0,0,1,-75.0,840
1581,1609.0,2017-05-08,1690.0,1,1,-76.0,840
1582,1614.0,2017-05-10,1692.0,2,1,-62.0,820
1583,1612.0,2017-05-11,1693.0,2,1,-76.0,840
1584,1613.0,2017-05-12,1694.0,3,1,-76.0,840
1585,1611.0,2017-05-13,1695.0,3,1,-77.0,840
1586,1615.0,2017-05-14,1696.0,4,1,-75.0,841
1587,1616.0,2017-05-15,1697.0,4,1,-77.0,841
1588,1618.0,2017-05-16,1698.0,5,1,-77.0,842
1589,1617.0,2017-05-17,1699.0,5,1,-76.0,843
1590,1619.0,2017-05-18,1700.0,6,1,-76.0,842
1591,1620.0,2017-05-19,1701.0,6,1,-76.0,841
1592,1621.0,2017-05-20,1702.0,7,1,-75.0,842
1593,1622.0,2017-05-21,1703.0,7,1,-76.0,843
1594,1625.0,2017-05-22,1704.0,8,1,-77.0,844
1595,1623.0,2017-05-23,1705.0,8,1,-76.0,845
1596,1624.0,2017-05-24,1706.0,9,1,-77.0,845
1597,1627.0,2017-05-26,1707.0,9,1,-77.0,846
1598,1626.0,2017-05-27,1708.0,10,1,-76.0,846
1599,1628.0,2017-05-28,1709.0,10,1,-76.0,847
1600,1629.0,2017-05-29,1710.0,11,1,-76.0,848
1601,1631.0,2017-05-30,1711.0,11,1,-75.0,848
1602,1630.0,2017-05-31,1712.0,12,1,-77.0,849
1603,1635.0,2017-06-01,1713.0,12,1,-75.0,850
1604,1633.0,2017-06-02,1714.0,13,1,-77.0,849
1605,1634.0,2017-06-03,1715.0,13,1,-77.0,851
1606,1632.0,2017-06-04,1716.0,14,1,-76.0,850
1607,1636.0,2017-06-05,1717.0,14,1,-76.0,851
1608,1637.0,2017-06-06,1718.0,15,1,-77.0,852
1609,1639.0,2017-06-07,1719.0,15,1,-77.0,853
1610,1638.0,2017-06-08,1720.0,16,1,-76.0,853
1611,1641.0,2017-06-09,1721.0,16,1,-76.0,852
1612,1640.0,2017-06-10,1722.0,17,1,-77.0,854
1613,1642.0,2017-06-11,1723.0,17,1,-76.0,854
1614,1643.0,2017-06-12,1724.0,18,1,-77.0,856
1615,1644.0,2017-06-13,1725.0,18,1,-79.0,857
1616,1645.0,2017-06-14,1726.0,19,1,-76.0,855
1617,1647.0,2017-06-15,1727.0,19,1,-75.0,855
1618,1648.0,2017-06-16,1728.0,20,1,-76.0,855
1619,1646.0,2017-06-17,1729.0,20,1,-76.0,858
1620,1650.0,2017-06-18,1730.0,21,1,-77.0,858
1621,1649.0,2017-06-19,1731.0,21,1,-78.0,857
1622,1651.0,2017-06-20,1732.0,22,1,-78.0,858
1623,1652.0,2017-06-21,1733.0,22,1,-77.0,859
1624,1655.0,2017-06-22,1734.0,23,1,-78.0,859
1625,1653.0,2017-06-23,1735.0,23,1,-78.0,861
1626,1654.0,2017-06-24,1736.0,23,1,-77.0,860
1627,1656.0,2017-06-25,1737.0,24,1,-78.0,861
1628,1657.0,2017-06-26,1738.0,24,1,-78.0,861
1629,1658.0,2017-06-27,1739.0,25,1,-77.0,861
1630,1662.0,2017-06-28,1740.0,25,1,-78.0,861
1631,1659.0,2017-06-29,1741.0,26,1,-78.0,863
1632,1661.0,2017-06-30,1742.0,26,1,-77.0,865
1633,1660.0,2017-07-02,1743.0,27,1,-78.0,863
1634,1663.0,2017-07-03,1744.0,27,1,-78.0,863
1635,1664.0,2017-07-04,1745.0,28,1,-78.0,865
1636,1665.0,2017-07-05,1746.0,28,1,-76.0,866
1637,1666.0,2017-07-06,1747.0,29,1,-79.0,866
1638,1668.0,2017-07-07,1748.0,29,1,-79.0,867
1639,1667.0,2017-07-08,1749.0,30,2,-76.0,867
1640,1669.0,2017-07-09,1750.0,30,2,-77.0,867
1641,1670.0,2017-07-10,1751.0,31,2,-78.0,867
1642,1671.0,2017-07-11,1752.0,31,2,-80.0,867
1643,1672.0,2017-07-12,1753.0,32,2,-76.0,868
1644,1673.0,2017-07-13,1754.0,32,2,-78.0,870
1645,1674.0,2017-07-14,1755.0,32,2,-77.0,870
1646,1675.0,2017-07-15,1756.0,33,2,-78.0,871
1647,1676.0,2017-07-16,1757.0,33,2,-78.0,871
1648,1677.0,2017-07-17,1758.0,34,2,-78.0,871
1649,1678.0,2017-07-18,1759.0,34,2,-77.0,871
1650,1679.0,2017-07-19,1760.0,35,2,-78.0,872
1651,1684.0,2017-07-20,1761.0,35,2,-77.0,872
1652,1687.0,2017-07-21,1762.0,36,2,-77.0,872
1653,1680.0,2017-07-22,1763.0,36,2,-78.0,873
1654,1682.0,2017-07-23,1764.0,37,2,-79.0,872
1655,1690.0,2017-07-24,1765.0,37,2,-77.0,873
1656,1688.0,2017-07-25,1766.0,38,2,-79.0,873
1657,1691.0,2017-07-26,1767.0,38,2,-77.0,874
1658,1683.0,2017-07-27,1768.0,39,2,-78.0,875
1659,1689.0,2017-07-28,1769.0,39,2,-76.0,875
1660,1686.0,2017-07-29,1770.0,39,2,-79.0,875
1661,1692.0,2017-07-30,1771.0,40,2,-79.0,876
1662,1681.0,2017-07-31,1772.0,40,2,-78.0,876
1663,1685.0,2017-08-01,1773.0,41,2,-78.0,876
1664,1693.0,2017-08-02,1774.0,41,2,-79.0,877
1665,1694.0,2017-08-03,1775.0,42,2,-80.0,877
1666,1696.0,2017-08-04,1776.0,42,2,-79.0,877
1667,1695.0,2017-08-05,1777.0,43,2,-79.0,877
1668,1697.0,2017-08-06,1778.0,43,2,-81.0,877
1669,1698.0,2017-08-07,1779.0,44,2,-78.0,878
1670,1699.0,2017-08-09,1780.0,44,2,-77.0,879
1671,1700.0,2017-08-10,1781.0,45,2,-78.0,879
1672,1701.0,2017-08-11,1782.0,45,2,-78.0,878
1673,1703.0,2017-08-12,1783.0,45,2,-79.0,879
1674,1702.0,2017-08-13,1784.0,46,2,-80.0,883
1675,1704.0,2017-08-14,1785.0,46,2,-77.0,881
1676,1705.0,2017-08-16,1787.0,47,2,-79.0,881
1677,1706.0,2017-08-17,1788.0,48,2,-79.0,881
1678,1708.0,2017-08-18,1789.0,48,2,-79.0,881
1679,1707.0,2017-08-19,1790.0,49,2,-81.0,882
1680,1709.0,2017-08-20,1791.0,49,2,-79.0,882
1681,1710.0,2017-08-21,1792.0,50,2,-80.0,883
1682,1711.0,2017-08-22,1793.0,50,2,-80.0,883
1683,1712.0,2017-08-23,1794.0,50,2,-80.0,883
1684,1714.0,2017-08-24,1795.0,51,2,-81.0,882
1685,1715.0,2017-08-25,1796.0,51,2,-80.0,883
1686,1713.0,2017-08-26,1797.0,52,2,-79.0,884
1687,1716.0,2017-08-27,1798.0,52,2,-79.0,883
1688,1717.0,2017-08-28,1799.0,53,2,-78.0,883
1689,1718.0,2017-08-29,1800.0,53,2,-80.0,883
1690,1719.0,2017-08-30,1801.0,54,2,-80.0,882
1691,1722.0,2017-08-31,1802.0,54,2,-79.0,882
1692,1723.0,2017-09-01,1803.0,55,2,-78.0,882
1693,1720.0,2017-09-02,1804.0,55,2,-78.0,883
1694,1721.0,2017-09-03,1805.0,55,2,-78.0,883
1695,1724.0,2017-09-04,1806.0,56,2,-80.0,884
1696,1725.0,2017-09-05,1807.0,56,2,-78.0,884
1697,1726.0,2017-09-06,1808.0,57,2,-79.0,884
1698,1728.0,2017-09-07,1809.0,57,2,-80.0,884
1699,1729.0,2017-09-08,1810.0,58,2,-78.0,883
1700,1727.0,2017-09-09,1811.0,58,2,-79.0,882
1701,1730.0,2017-09-10,1812.0,59,2,-79.0,882
1702,1731.0,2017-09-11,1813.0,59,2,-80.0,881
1703,1732.0,2017-09-12,1814.0,59,2,-80.0,881
1704,1733.0,2017-09-13,1815.0,60,3,-81.0,881
1705,1734.0,2017-09-15,1816.0,60,3,-82.0,882
1706,1735.0,2017-09-16,1817.0,61,3,-80.0,882
1707,1736.0,2017-09-17,1818.0,61,3,-81.0,881
1708,1737.0,2017-09-18,1819.0,62,3,-82.0,880
1709,1738.0,2017-09-19,1820.0,62,3,-79.0,881
1710,1740.0,2017-09-20,1821.0,63,3,-81.0,882
1711,1739.0,2017-09-21,1822.0,63,3,-78.0,881
1712,1743.0,2017-09-22,1823.0,64,3,-80.0,879
1713,1742.0,2017-09-23,1824.0,64,3,-80.0,879
1714,1741.0,2017-09-24,1825.0,64,3,-80.0,878
1715,1744.0,2017-09-25,1826.0,65,3,-80.0,878
1716,1745.0,2017-09-26,1827.0,65,3,-80.0,879
1717,1746.0,2017-09-27,1828.0,66,3,-80.0,878
1718,1749.0,2017-09-28,1829.0,66,3,-78.0,877
1719,1748.0,2017-09-29,1830.0,67,3,-80.0,877
1720,1747.0,2017-09-30,1831.0,67,3,-80.0,876
1721,1750.0,2017-10-01,1832.0,68,3,-84.0,875
1722,1751.0,2017-10-02,1833.0,68,3,-81.0,875
1723,1752.0,2017-10-03,1834.0,68,3,-80.0,875
1724,1753.0,2017-10-04,1835.0,69,3,-80.0,873
1725,1755.0,2017-10-05,1836.0,69,3,-81.0,873
1726,1756.0,2017-10-06,1837.0,70,3,-81.0,872
1727,1754.0,2017-10-07,1838.0,70,3,-79.0,872
1728,1757.0,2017-10-08,1839.0,71,3,-80.0,872
1729,1758.0,2017-10-09,1840.0,71,3,-77.0,871
1730,1759.0,2017-10-10,1841.0,72,3,-77.0,870
1731,1761.0,2017-10-11,1842.0,72,3,-79.0,869
1732,1760.0,2017-10-12,1843.0,72,3,-80.0,869
1733,1762.0,2017-10-13,1844.0,73,3,-81.0,869
1734,1763.0,2017-10-14,1845.0,73,3,-80.0,868
1735,1765.0,2017-10-15,1846.0,74,3,-80.0,868
1736,1764.0,2017-10-16,1847.0,74,3,-80.0,866
1737,1766.0,2017-10-17,1848.0,75,3,-80.0,865
1738,1770.0,2017-10-18,1849.0,75,3,-80.0,864
1739,1768.0,2017-10-19,1850.0,76,3,-80.0,864
1740,1767.0,2017-10-20,1851.0,76,3,-87.0,864
1741,1769.0,2017-10-22,1852.0,77,3,-80.0,863
1742,1771.0,2017-10-23,1853.0,77,3,-80.0,862
1743,1772.0,2017-10-24,1854.0,77,3,-80.0,861
1744,1773.0,2017-10-25,1855.0,78,3,-78.0,861
1745,1774.0,2017-10-26,1856.0,78,3,-80.0,859
1746,1776.0,2017-10-27,1857.0,79,3,-80.0,858
1747,1775.0,2017-10-28,1858.0,79,3,-81.0,857
1748,1779.0,2017-10-29,1859.0,80,3,-79.0,857
1749,1778.0,2017-10-30,1860.0,80,3,-80.0,857
1750,1780.0,2017-10-31,1861.0,81,3,-79.0,855
1751,1777.0,2017-11-01,1862.0,81,3,-81.0,854
1752,1781.0,2017-11-02,1863.0,81,3,-80.0,853
1753,1782.0,2017-11-03,1864.0,82,3,-82.0,852
1754,1783.0,2017-11-04,1865.0,82,3,-80.0,852
1755,1785.0,2017-11-05,1866.0,83,3,-80.0,850
1756,1784.0,2017-11-06,1867.0,83,3,-78.0,848
1757,1786.0,2017-11-07,1868.0,84,3,-80.0,848
1758,1787.0,2017-11-08,1869.0,84,3,-81.0,846
1759,1788.0,2017-11-09,1870.0,85,3,-81.0,845
1760,1789.0,2017-11-10,1871.0,85,3,-80.0,844
1761,1791.0,2017-11-11,1872.0,86,3,-79.0,843
1762,1790.0,2017-11-12,1873.0,86,3,-79.0,842
1763,1792.0,2017-11-13,1874.0,86,3,-80.0,840
1764,1793.0,2017-11-14,1875.0,87,3,-79.0,839
1765,1794.0,2017-11-15,1876.0,87,3,-79.0,838
1766,1797.0,2017-11-16,1877.0,88,3,-79.0,837
1767,1795.0,2017-11-17,1878.0,88,3,-79.0,835
1768,1796.0,2017-11-18,1879.0,89,3,-79.0,834
1769,1798.0,2017-11-19,1880.0,89,3,-79.0,833
1770,1803.0,2017-11-20,1881.0,90,4,-79.0,832
1771,1801.0,2017-11-21,1882.0,90,4,-78.0,831
1772,1800.0,2017-11-22,1883.0,91,4,-78.0,830
1773,1799.0,2017-11-23,1884.0,91,4,-79.0,829
1774,1804.0,2017-11-24,1885.0,91,4,-79.0,827
1775,1805.0,2017-11-25,1886.0,92,4,-79.0,826
1776,1802.0,2017-11-26,1887.0,92,4,-79.0,824
1777,1807.0,2017-11-27,1888.0,93,4,-79.0,823
1778,1806.0,2017-11-29,1889.0,93,4,-80.0,822
1779,1808.0,2017-11-30,1890.0,94,4,-79.0,821
1780,1810.0,2017-12-01,1891.0,94,4,-80.0,819
1781,1809.0,2017-12-02,1892.0,95,4,-81.0,817
1782,1812.0,2017-12-03,1893.0,95,4,-79.0,816
1783,1811.0,2017-12-04,1894.0,96,4,-79.0,815
1784,1814.0,2017-12-05,1895.0,96,4,-78.0,814
1785,1813.0,2017-12-06,1896.0,96,4,-79.0,812
1786,1817.0,2017-12-07,1897.0,97,4,-80.0,811
1787,1816.0,2017-12-08,1898.0,97,4,-81.0,810
1788,1815.0,2017-12-09,1899.0,98,4,-81.0,808
1789,1818.0,2017-12-10,1900.0,98,4,-81.0,807
1790,1819.0,2017-12-11,1901.0,99,4,-81.0,806
1791,1820.0,2017-12-12,1902.0,99,4,-79.0,804
1792,1821.0,2017-12-13,1903.0,100,4,-78.0,803
1793,1822.0,2017-12-14,1904.0,100,4,-79.0,801
1794,1823.0,2017-12-15,1905.0,101,4,-80.0,800
1795,1824.0,2017-12-16,1906.0,101,4,-79.0,799
1796,1825.0,2017-12-17,1907.0,101,4,-79.0,798
1797,1826.0,2017-12-18,1908.0,102,4,-79.0,796
1798,1827.0,2017-12-19,1909.0,102,4,-80.0,795
1799,1828.0,2017-12-20,1910.0,103,4,-80.0,794
1800,1833.0,2017-12-21,1911.0,103,4,-79.0,792
1801,1832.0,2017-12-22,1912.0,104,4,-80.0,791
1802,1830.0,2017-12-23,1913.0,104,4,-79.0,791
1803,1834.0,2017-12-24,1914.0,105,4,-78.0,790
1804,1835.0,2017-12-25,1915.0,105,4,-78.0,788
1805,1829.0,2017-12-26,1916.0,106,4,-79.0,787
1806,1831.0,2017-12-27,1917.0,106,4,-80.0,786
1807,1839.0,2017-12-28,1918.0,107,4,-77.0,784
1808,1836.0,2017-12-29,1919.0,107,4,-77.0,783
1809,1837.0,2017-12-30,1920.0,108,4,-77.0,782
1810,1838.0,2017-12-31,1921.0,108,4,-78.0,781
1811,1840.0,2018-01-01,1922.0,108,4,-79.0,780
1812,1842.0,2018-01-02,1923.0,109,4,-77.0,778
1813,1841.0,2018-01-03,1924.0,109,4,-78.0,777
1814,1844.0,2018-01-05,1925.0,110,4,-79.0,777
1815,1843.0,2018-01-06,1926.0,110,4,-80.0,775
1816,1845.0,2018-01-07,1927.0,111,4,-79.0,774
1817,1847.0,2018-01-08,1928.0,111,4,-78.0,773
1818,1846.0,2018-01-09,1929.0,112,4,-79.0,771
1819,1848.0,2018-01-10,1930.0,112,4,-79.0,770
1820,1849.0,2018-01-11,1931.0,113,4,-79.0,770
1821,1850.0,2018-01-12,1932.0,113,4,-79.0,768
1822,1852.0,2018-01-13,1933.0,114,4,-78.0,767
1823,1851.0,2018-01-14,1934.0,114,4,-79.0,766
1824,1853.0,2018-01-15,1935.0,115,4,-80.0,765
1825,1855.0,2018-01-16,1936.0,115,4,-79.0,764
1826,1854.0,2018-01-17,1937.0,116,4,-80.0,763
1827,1859.0,2018-01-18,1938.0,116,4,-78.0,762
1828,1857.0,2018-01-19,1939.0,116,4,-78.0,760
1829,1858.0,2018-01-20,1940.0,117,4,-77.0,759
1830,1856.0,2018-01-21,1941.0,117,4,-77.0,758
1831,1860.0,2018-01-22,1942.0,118,4,-78.0,757
1832,1863.0,2018-01-23,1943.0,118,4,-78.0,756
1833,1861.0,2018-01-24,1944.0,119,4,-80.0,755
1834,1862.0,2018-01-25,1945.0,119,4,-78.0,754
1835,1864.0,2018-01-26,1946.0,120,5,-79.0,753
1836,1865.0,2018-01-27,1947.0,120,5,-78.0,751
1837,1866.0,2018-01-28,1948.0,121,5,-78.0,752
1838,1867.0,2018-01-29,1949.0,121,5,-78.0,751
1839,1868.0,2018-01-30,1950.0,122,5,-79.0,750
1840,1869.0,2018-01-31,1951.0,122,5,-77.0,749
1841,1871.0,2018-02-01,1952.0,123,5,-80.0,748
1842,1870.0,2018-02-02,1953.0,123,5,-78.0,747
1843,1872.0,2018-02-03,1954.0,124,5,-77.0,745
1844,1873.0,2018-02-04,1955.0,124,5,-77.0,745
1845,1879.0,2018-02-05,1956.0,125,5,-79.0,744
1846,1875.0,2018-02-06,1957.0,125,5,-77.0,742
1847,1874.0,2018-02-07,1958.0,126,5,-77.0,741
1848,1878.0,2018-02-08,1959.0,126,5,-78.0,740
1849,1876.0,2018-02-09,1960.0,127,5,-78.0,740
1850,1877.0,2018-02-11,1961.0,127,5,-77.0,740
1851,1880.0,2018-02-12,1962.0,128,5,-78.0,738
1852,1881.0,2018-02-13,1963.0,128,5,-77.0,737
1853,1882.0,2018-02-14,1964.0,129,5,-76.0,736
1854,1883.0,2018-02-15,1965.0,129,5,-76.0,735
1855,1884.0,2018-02-16,1966.0,130,5,-77.0,735
1856,1885.0,2018-02-17,1967.0,130,5,-76.0,734
1857,1886.0,2018-02-18,1968.0,131,5,-76.0,732
1858,1887.0,2018-02-19,1969.0,131,5,-76.0,732
1859,1888.0,2018-02-20,1970.0,132,5,-77.0,731
1860,1890.0,2018-02-21,1971.0,132,5,-78.0,731
1861,1891.0,2018-02-22,1972.0,133,5,-78.0,730
1862,1889.0,2018-02-23,1973.0,133,5,-78.0,730
1863,1892.0,2018-02-24,1974.0,134,5,-77.0,729
1864,1894.0,2018-02-25,1975.0,134,5,-76.0,729
1865,1893.0,2018-02-26,1976.0,135,5,-77.0,728
1866,1895.0,2018-02-27,1977.0,135,5,-77.0,727
